﻿pos_x,pos_y,rotation,side,designator,mpn,pack,value,mount_type,place
94.045,-40.2879,180.0,top,Ant_In1,,SAMTEC_SMA-J-P-H-ST-EM1,SMA,smt,True
91.7041,-48.5086,90.0,top,Ant_Sel1,,PinHeader_2x03_P2.54mm_Vertical,Conn_02x03_Odd_Even,tht,True
138.3731,-40.2915,180.0,top,Antenna_In_Quad1,,SAMTEC_SMA-J-P-H-ST-EM1,SMA,smt,True
137.3215,-48.0841,-90.0,top,C1,,C_0805_2012Metric_Pad1.18x1.45mm_HandSolder,XpF,smt,True
139.437,-77.0256,-90.0,top,C10,,C_0805_2012Metric_Pad1.18x1.45mm_HandSolder,XpF,smt,True
136.981,-77.0256,-90.0,top,C11,,C_0805_2012Metric_Pad1.18x1.45mm_HandSolder,68pF,smt,True
88.9,-67.7977,0.0,top,C12,,C_0805_2012Metric_Pad1.18x1.45mm_HandSolder,100nF,smt,True
173.3941,-66.8888,180.0,top,C13,,C_0805_2012Metric_Pad1.18x1.45mm_HandSolder,100nF,smt,True
184.1787,-49.6964,0.0,top,C14,,C_0805_2012Metric_Pad1.18x1.45mm_HandSolder,100nF,smt,True
168.8854,-61.246,0.0,top,C15,,C_0805_2012Metric_Pad1.18x1.45mm_HandSolder,100nF,smt,True
157.7997,-77.3101,180.0,top,C16,,C_0805_2012Metric_Pad1.18x1.45mm_HandSolder,100nF,smt,True
160.0804,-39.8767,180.0,top,C17,,C_0805_2012Metric_Pad1.18x1.45mm_HandSolder,100nF,smt,True
177.9433,-56.6595,-90.0,top,C18,,C_0805_2012Metric_Pad1.18x1.45mm_HandSolder,47nF 1%,smt,True
170.3312,-52.2493,180.0,top,C19,,C_0805_2012Metric_Pad1.18x1.45mm_HandSolder,47nF 1%,smt,True
134.3834,-48.0841,-90.0,top,C2,,C_0805_2012Metric_Pad1.18x1.45mm_HandSolder,68pF,smt,True
172.4255,-75.3121,-90.0,top,C20,,C_0805_2012Metric_Pad1.18x1.45mm_HandSolder,47nF 1%,smt,True
170.0121,-75.3121,-90.0,top,C21,,C_0805_2012Metric_Pad1.18x1.45mm_HandSolder,47nF 1%,smt,True
167.5987,-75.3121,-90.0,top,C22,,C_0805_2012Metric_Pad1.18x1.45mm_HandSolder,47nF 1%,smt,True
165.1853,-75.3121,-90.0,top,C23,,C_0805_2012Metric_Pad1.18x1.45mm_HandSolder,47nF 1%,smt,True
172.4359,-71.2753,90.0,top,C24,,C_0805_2012Metric_Pad1.18x1.45mm_HandSolder,10uF,smt,True
170.0048,-71.2753,90.0,top,C25,,C_0805_2012Metric_Pad1.18x1.45mm_HandSolder,10uF,smt,True
167.6002,-71.2753,90.0,top,C26,,C_0805_2012Metric_Pad1.18x1.45mm_HandSolder,10uF,smt,True
165.1956,-71.3017,90.0,top,C27,,C_0805_2012Metric_Pad1.18x1.45mm_HandSolder,10uF,smt,True
186.3324,-54.8967,-90.0,top,C28,,C_0805_2012Metric_Pad1.18x1.45mm_HandSolder,390pF,smt,True
178.1227,-47.6613,0.0,top,C29,,C_0805_2012Metric_Pad1.18x1.45mm_HandSolder,390pF,smt,True
141.0706,-46.9243,180.0,top,C3,,C_0805_2012Metric_Pad1.18x1.45mm_HandSolder,180pF,smt,True
177.3712,-62.8264,180.0,top,C30,,C_0805_2012Metric_Pad1.18x1.45mm_HandSolder,390pF,smt,True
177.4434,-75.3111,180.0,top,C31,,C_0805_2012Metric_Pad1.18x1.45mm_HandSolder,390pF,smt,True
185.109,-51.8554,0.0,top,C32,,C_0805_2012Metric_Pad1.18x1.45mm_HandSolder,100nF,smt,True
185.204,-59.1071,0.0,top,C33,,C_0805_2012Metric_Pad1.18x1.45mm_HandSolder,100nF,smt,True
181.5241,-64.5666,0.0,top,C34,,C_0805_2012Metric_Pad1.18x1.45mm_HandSolder,100nF,smt,True
181.4837,-69.2493,0.0,top,C35,,C_0805_2012Metric_Pad1.18x1.45mm_HandSolder,100nF,smt,True
202.0289,-83.9556,90.0,top,C36,,C_0805_2012Metric_Pad1.18x1.45mm_HandSolder,10uF,smt,True
199.8708,-83.9556,90.0,top,C37,,C_0805_2012Metric_Pad1.18x1.45mm_HandSolder,100nF,smt,True
141.0141,-49.3539,180.0,top,C4,,C_0805_2012Metric_Pad1.18x1.45mm_HandSolder,XpF,smt,True
134.6091,-62.6789,-90.0,top,C5,,C_0805_2012Metric_Pad1.18x1.45mm_HandSolder,XpF,smt,True
137.3631,-62.6789,90.0,top,C6,,C_0805_2012Metric_Pad1.18x1.45mm_HandSolder,10pF,smt,True
141.6074,-63.8743,180.0,top,C7,,C_0805_2012Metric_Pad1.18x1.45mm_HandSolder,180pF,smt,True
98.3377,-65.378,90.0,top,C8,,C_0805_2012Metric_Pad1.18x1.45mm_HandSolder,100nF,smt,True
141.576,-61.5156,0.0,top,C9,,C_0805_2012Metric_Pad1.18x1.45mm_HandSolder,XpF,smt,True
108.8761,-62.6782,0.0,top,D1,,D_SOD-123F,4x PMEG2005EH,smt,True
115.1186,-62.7007,0.0,top,D2,,D_SOD-123F,PMEG2005EH,smt,True
108.8471,-57.5982,180.0,top,D3,,D_SOD-123F,PMEG2005EH,smt,True
115.0736,-57.5757,180.0,top,D4,,D_SOD-123F,PMEG2005EH,smt,True
66.6971,-41.4123,0.0,top,H1,,MountingHole_2.5mm_Pad_TopBottom,MountingHole_Pad,tht,True
209.36,-41.1982,0.0,top,H2,,MountingHole_2.5mm_Pad_TopBottom,MountingHole_Pad,tht,True
66.6971,-85.8249,0.0,top,H3,,MountingHole_2.5mm_Pad_TopBottom,MountingHole_Pad,tht,True
209.3005,-85.7655,0.0,top,H4,,MountingHole_2.5mm_Pad_TopBottom,MountingHole_Pad,tht,True
75.7675,-74.0925,-90.0,top,IC1,,ADE1Mix,ADE-1+,smt,True
203.6793,-68.94,-90.0,top,IQ_Audio_SM0XGY1,,Jack_3.5mm_CUI_SJ-3523-SMT_Horizontal,AudioJack3,smt,True
203.6364,-53.2144,-90.0,top,IQ_Audio_SR1,,Jack_3.5mm_CUI_SJ-3523-SMT_Horizontal,AudioJack3,smt,True
76.2,-86.9585,0.0,top,If_Out_ADE1+1,,SAMTEC_SMA-J-P-H-ST-EM1,SMA,smt,True
94.513,-86.9585,0.0,top,If_Out_AS1,,SAMTEC_SMA-J-P-H-ST-EM1,SMA,smt,True
111.9837,-86.7867,0.0,top,If_Out_DBM1,,SAMTEC_SMA-J-P-H-ST-EM1,SMA,smt,True
138.1351,-51.8506,0.0,top,L1,,L_Toroid_Vertical_L19.1mm_W8.1mm_P7.10mm_Bourns_5700,1.8uH,tht,True
138.1252,-66.5653,0.0,top,L2,,L_Toroid_Vertical_L19.1mm_W8.1mm_P7.10mm_Bourns_5700,1.8uH,tht,True
81.28,-58.42,0.0,top,LO_Select1,,PinSocket_2x03_P2.54mm_Vertical,Conn_02x03_Odd_Even,tht,True
71.6848,-62.2676,180.0,top,Mixer_LO1,,PinHeader_1x02_P2.54mm_Vertical,Conn_01x02_Socket,tht,True
183.4013,-83.0599,0.0,top,Pwr_Supply1,,JST_EH_B3B-EH-A_1x03_P2.50mm_Vertical,Conn_01x03_Socket,tht,True
165.1,-50.8,-90.0,top,Quad_Clk1,,PinHeader_1x03_P2.54mm_Vertical,Conn_01x03,tht,True
171.2381,-41.6465,-90.0,top,Quad_Clk_In1,,PinHeader_1x03_P2.54mm_Vertical,Conn_01x03,tht,True
165.5586,-58.6125,0.0,top,R1,,R_0805_2012Metric_Pad1.20x1.40mm_HandSolder,10R,smt,True
177.3712,-64.9162,180.0,top,R10,,R_0805_2012Metric_Pad1.20x1.40mm_HandSolder,10k 1%,smt,True
177.4196,-73.1103,180.0,top,R11,,R_0805_2012Metric_Pad1.20x1.40mm_HandSolder,10k 1%,smt,True
194.4813,-83.0599,180.0,top,R12,,R_0805_2012Metric_Pad1.20x1.40mm_HandSolder,1k,smt,True
197.619,-83.9649,90.0,top,R13,,R_0805_2012Metric_Pad1.20x1.40mm_HandSolder,1k,smt,True
165.5586,-56.0725,0.0,top,R2,,R_0805_2012Metric_Pad1.20x1.40mm_HandSolder,10R,smt,True
161.766,-68.9502,0.0,top,R3,,R_0805_2012Metric_Pad1.20x1.40mm_HandSolder,47R,smt,True
174.6053,-52.2014,0.0,top,R4,,R_0805_2012Metric_Pad1.20x1.40mm_HandSolder,49.9R,smt,True
180.3664,-56.6023,90.0,top,R5,,R_0805_2012Metric_Pad1.20x1.40mm_HandSolder,49.9R,smt,True
184.185,-54.8763,-90.0,top,R6,,R_0805_2012Metric_Pad1.20x1.40mm_HandSolder,4.99k,smt,True
178.1377,-49.8006,0.0,top,R7,,R_0805_2012Metric_Pad1.20x1.40mm_HandSolder,4.99k,smt,True
181.3733,-66.945,0.0,top,R8,,R_0805_2012Metric_Pad1.20x1.40mm_HandSolder,10k 1%,smt,True
181.7517,-73.5369,0.0,top,R9,,R_0805_2012Metric_Pad1.20x1.40mm_HandSolder,10k 1%,smt,True
142.9509,-81.28,-90.0,top,Select_RF_Input1,,PinHeader_2x05_P2.54mm_Vertical,Conn_02x05_Odd_Even,tht,True
111.76,-72.0219,90.0,top,T1,,Transformer_1P_SS_SNM,Transformer_1P_SS_SNM,tht,True
111.76,-48.26,-90.0,top,T2,,Transformer_1P_SS_SNM,Transformer_1P_SS_SNM,tht,True
190.5,-58.42,0.0,top,TP1,,TestPoint_Loop_D1.80mm_Drill1.0mm_Beaded,TestPoint,tht,True
190.5,-50.8,0.0,top,TP2,,TestPoint_Loop_D1.80mm_Drill1.0mm_Beaded,TestPoint,tht,True
190.235,-64.3608,0.0,top,TP3,,TestPoint_Loop_D1.80mm_Drill1.0mm_Beaded,TestPoint,tht,True
190.4338,-71.2743,0.0,top,TP4,,TestPoint_Loop_D1.80mm_Drill1.0mm_Beaded,TestPoint,tht,True
94.1816,-65.0462,-90.0,top,U1,,TSSOP-14_4.4x5mm_P0.65mm,CD4066BPW,smt,True
88.9172,-70.6429,0.0,top,U2,,SC-88A-5_1P35X2P2_ONS,NC7SZ04P5X,smt,True
177.4417,-68.995,90.0,top,U3,,OPA1678_L,OPA1678IDGKT,smt,True
180.1328,-52.6441,180.0,top,U4,,OPA1678_L,OPA1678IDGKT,smt,True
172.511,-57.2141,180.0,top,U5,,SOP65P640X110-16N,SN74CBT3253,smt,True
159.8019,-73.2951,180.0,top,U6,,SOP65P640X110-16N,SN74CBT3253,smt,True
160.0252,-42.9899,180.0,top,U7,,SOT95P280X145-6N,SN74LVC2G17DBVR,smt,True
94.1941,-74.3571,-90.0,top,XMER1,,MABAES0060_MCM,MABAES0060,smt,True
94.1941,-56.0096,90.0,top,XMER2,,MABAES0060_MCM,MABAES0060,smt,True
159.7839,-57.37,180.0,top,XMER3,,MABAES0060_MCM,MABAES0060,smt,True
