﻿designator,quantity,value,pack,mpn,mount_type
"Ant_In1, Antenna_In_Quad1, If_Out_ADE1+1, If_Out_AS1, If_Out_DBM1",5,SMA,SAMTEC_SMA-J-P-H-ST-EM1,,smt
Ant_Sel1,1,Conn_02x03_Odd_Even,PinHeader_2x03_P2.54mm_Vertical,,tht
"C1, C10, C4, C5, C9",5,XpF,C_0805_2012Metric_Pad1.18x1.45mm_HandSolder,,smt
"C11, C2",2,68pF,C_0805_2012Metric_Pad1.18x1.45mm_HandSolder,,smt
"C12, C13, C14, C15, C16, C17, C32, C33, C34, C35, C37, C8",12,100nF,C_0805_2012Metric_Pad1.18x1.45mm_HandSolder,,smt
"C18, C19, C20, C21, C22, C23",6,47nF 1%,C_0805_2012Metric_Pad1.18x1.45mm_HandSolder,,smt
"C24, C25, C26, C27, C36",5,10uF,C_0805_2012Metric_Pad1.18x1.45mm_HandSolder,,smt
"C28, C29, C30, C31",4,390pF,C_0805_2012Metric_Pad1.18x1.45mm_HandSolder,,smt
"C3, C7",2,180pF,C_0805_2012Metric_Pad1.18x1.45mm_HandSolder,,smt
C6,1,10pF,C_0805_2012Metric_Pad1.18x1.45mm_HandSolder,,smt
D1,1,4x PMEG2005EH,D_SOD-123F,,smt
"D2, D3, D4",3,PMEG2005EH,D_SOD-123F,,smt
"H1, H2, H3, H4",4,MountingHole_Pad,MountingHole_2.5mm_Pad_TopBottom,,tht
IC1,1,ADE-1+,ADE1Mix,,smt
"IQ_Audio_SM0XGY1, IQ_Audio_SR1",2,AudioJack3,Jack_3.5mm_CUI_SJ-3523-SMT_Horizontal,,smt
"L1, L2",2,1.8uH,L_Toroid_Vertical_L19.1mm_W8.1mm_P7.10mm_Bourns_5700,,tht
LO_Select1,1,Conn_02x03_Odd_Even,PinSocket_2x03_P2.54mm_Vertical,,tht
Mixer_LO1,1,Conn_01x02_Socket,PinHeader_1x02_P2.54mm_Vertical,,tht
Pwr_Supply1,1,Conn_01x03_Socket,JST_EH_B3B-EH-A_1x03_P2.50mm_Vertical,,tht
"Quad_Clk1, Quad_Clk_In1",2,Conn_01x03,PinHeader_1x03_P2.54mm_Vertical,,tht
"R1, R2",2,10R,R_0805_2012Metric_Pad1.20x1.40mm_HandSolder,,smt
"R10, R11, R8, R9",4,10k 1%,R_0805_2012Metric_Pad1.20x1.40mm_HandSolder,,smt
"R12, R13",2,1k,R_0805_2012Metric_Pad1.20x1.40mm_HandSolder,,smt
R3,1,47R,R_0805_2012Metric_Pad1.20x1.40mm_HandSolder,,smt
"R4, R5",2,49.9R,R_0805_2012Metric_Pad1.20x1.40mm_HandSolder,,smt
"R6, R7",2,4.99k,R_0805_2012Metric_Pad1.20x1.40mm_HandSolder,,smt
Select_RF_Input1,1,Conn_02x05_Odd_Even,PinHeader_2x05_P2.54mm_Vertical,,tht
"T1, T2",2,Transformer_1P_SS_SNM,Transformer_1P_SS_SNM,,tht
"TP1, TP2, TP3, TP4",4,TestPoint,TestPoint_Loop_D1.80mm_Drill1.0mm_Beaded,,tht
U1,1,CD4066BPW,TSSOP-14_4.4x5mm_P0.65mm,,smt
U2,1,NC7SZ04P5X,SC-88A-5_1P35X2P2_ONS,,smt
"U3, U4",2,OPA1678IDGKT,OPA1678_L,,smt
"U5, U6",2,SN74CBT3253,SOP65P640X110-16N,,smt
U7,1,SN74LVC2G17DBVR,SOT95P280X145-6N,,smt
"XMER1, XMER2, XMER3",3,MABAES0060,MABAES0060_MCM,,smt
