﻿pos_x,pos_y,rotation,side,designator,mpn,pack,value,mount_type,place
141.259849,-69.487295,0.0,top,C1,,C_0805_2012Metric_Pad1.18x1.45mm_HandSolder,100nF,smt,True
153.58151,-71.641025,0.0,top,C2,,C_0805_2012Metric_Pad1.18x1.45mm_HandSolder,100nF,smt,True
153.516584,-67.198351,180.0,top,C3,,C_0805_2012Metric_Pad1.18x1.45mm_HandSolder,100nF,smt,True
149.283362,-75.245614,0.0,top,C4,,C_0805_2012Metric_Pad1.18x1.45mm_HandSolder,5.6pF,smt,True
153.560693,-69.42598,0.0,top,C5,,C_0805_2012Metric_Pad1.18x1.45mm_HandSolder,100nF,smt,True
165.044324,-58.38,90.0,top,CTRL,,JST_EH_B4B-EH-A_1x04_P2.50mm_Vertical,CTRL,tht,True
131.489604,-58.230982,0.0,top,D1,,D_SOD-123,1N4148W,smt,True
121.973187,-45.773187,0.0,top,H1,,MountingHole_2.5mm_Pad_TopBottom,MountingHole_Pad,tht,True
174.801598,-45.556233,0.0,top,H2,,MountingHole_2.5mm_Pad_TopBottom,MountingHole_Pad,tht,True
121.86471,-93.06926,0.0,top,H3,,MountingHole_2.5mm_Pad_TopBottom,MountingHole_Pad,tht,True
174.693121,-93.503169,0.0,top,H4,,MountingHole_2.5mm_Pad_TopBottom,MountingHole_Pad,tht,True
121.3537,-69.215,-90.0,top,J1,,SAMTEC_SMA-J-P-H-ST-EM1,SMA,smt,True
131.475,-67.945,0.0,top,K1,,Relay_DPDT_Kemet_EE2_NUH,EE2-3NUH,smt,True
141.321536,-71.944017,0.0,top,R1,,R_0805_2012Metric_Pad1.20x1.40mm_HandSolder,100R,smt,True
157.270934,-59.065633,90.0,top,R2,,R_0805_2012Metric_Pad1.20x1.40mm_HandSolder,10k,smt,True
157.3008,-63.262411,90.0,top,R3,,R_0805_2012Metric_Pad1.20x1.40mm_HandSolder,10k,smt,True
142.171655,-66.231973,-90.0,top,R4,,R_0805_2012Metric_Pad1.20x1.40mm_HandSolder,100R,smt,True
149.232463,-72.958273,180.0,top,R5,,R_0805_2012Metric_Pad1.20x1.40mm_HandSolder,0R,smt,True
139.564256,-66.242327,-90.0,top,R6,,R_0805_2012Metric_Pad1.20x1.40mm_HandSolder,0R,smt,True
165.1,-73.62,90.0,top,RF_OUT,,JST_EH_B4B-EH-A_1x04_P2.50mm_Vertical,RF_OUT,tht,True
129.423221,-79.779953,0.0,top,RF_POWER_IN,,JST_EH_B4B-EH-A_1x04_P2.50mm_Vertical,RF_POWER_IN,tht,True
150.603975,-57.989623,180.0,top,RV1,,Potentiometer_Bourns_3386P_Vertical,5k,tht,True
165.1,-86.32,90.0,top,SUPPLY,,JST_EH_B3B-EH-A_1x03_P2.50mm_Vertical,SUPPLY,tht,True
143.193542,-61.894956,90.0,top,U1,,AD5245,AD5245BRJZ5-RL7,smt,True
147.3962,-69.215,0.0,top,U2,,AD603,AD603ARZ,smt,True
