﻿designator,quantity,value,pack,mpn,mount_type
"C1, C2, C3, C5",4,100nF,C_0805_2012Metric_Pad1.18x1.45mm_HandSolder,,smt
C4,1,5.6pF,C_0805_2012Metric_Pad1.18x1.45mm_HandSolder,,smt
CTRL,1,CTRL,JST_EH_B4B-EH-A_1x04_P2.50mm_Vertical,,tht
D1,1,1N4148W,D_SOD-123,,smt
"H1, H2, H3, H4",4,MountingHole_Pad,MountingHole_2.5mm_Pad_TopBottom,,tht
J1,1,SMA,SAMTEC_SMA-J-P-H-ST-EM1,,smt
K1,1,EE2-3NUH,Relay_DPDT_Kemet_EE2_NUH,,smt
"R1, R4",2,100R,R_0805_2012Metric_Pad1.20x1.40mm_HandSolder,,smt
"R2, R3",2,10k,R_0805_2012Metric_Pad1.20x1.40mm_HandSolder,,smt
"R5, R6",2,0R,R_0805_2012Metric_Pad1.20x1.40mm_HandSolder,,smt
RF_OUT,1,RF_OUT,JST_EH_B4B-EH-A_1x04_P2.50mm_Vertical,,tht
RF_POWER_IN,1,RF_POWER_IN,JST_EH_B4B-EH-A_1x04_P2.50mm_Vertical,,tht
RV1,1,5k,Potentiometer_Bourns_3386P_Vertical,,tht
SUPPLY,1,SUPPLY,JST_EH_B3B-EH-A_1x03_P2.50mm_Vertical,,tht
U1,1,AD5245BRJZ5-RL7,AD5245,,smt
U2,1,AD603ARZ,AD603,,smt
