﻿pos_x,pos_y,rotation,side,designator,mpn,pack,value,mount_type,place
108.225,-58.5,0.0,bottom,C1,,C_0603_1608Metric_Pad1.08x0.95mm_HandSolder,100nF,smt,True
133.9,-71.5,180.0,bottom,C10,,C_0603_1608Metric_Pad1.08x0.95mm_HandSolder,100nF,smt,True
115.3921,-59.4169,-90.0,top,C11,,C_0603_1608Metric_Pad1.08x0.95mm_HandSolder,47nF,smt,True
107.575,-59.4169,-90.0,top,C12,,C_0603_1608Metric_Pad1.08x0.95mm_HandSolder,47nF,smt,True
112.6997,-59.4169,-90.0,top,C13,,C_0603_1608Metric_Pad1.08x0.95mm_HandSolder,47nF,smt,True
110.077,-59.4169,-90.0,top,C14,,C_0603_1608Metric_Pad1.08x0.95mm_HandSolder,47nF,smt,True
133.444,-52.975,0.0,top,C15,,C_0603_1608Metric_Pad1.08x0.95mm_HandSolder,100nF,smt,True
133.5825,-66.8256,0.0,top,C16,,C_0603_1608Metric_Pad1.08x0.95mm_HandSolder,100nF,smt,True
133.4668,-60.9228,0.0,top,C17,,C_0603_1608Metric_Pad1.08x0.95mm_HandSolder,100nF,smt,True
138.125,-76.7656,180.0,top,C18,,C_0603_1608Metric_Pad1.08x0.95mm_HandSolder,100nF,smt,True
125.2135,-53.7231,-90.0,top,C19,,C_0603_1608Metric_Pad1.08x0.95mm_HandSolder,1.5nF,smt,True
141.375,-65.0,180.0,bottom,C2,,C_0603_1608Metric_Pad1.08x0.95mm_HandSolder,100nF,smt,True
136.9337,-57.4346,-90.0,top,C20,,C_0603_1608Metric_Pad1.08x0.95mm_HandSolder,1.5nF,smt,True
126.1,-74.1,0.0,top,C21,,C_0603_1608Metric_Pad1.08x0.95mm_HandSolder,100nF,smt,True
130.65,-74.1,180.0,top,C22,,C_0603_1608Metric_Pad1.08x0.95mm_HandSolder,100nF,smt,True
154.375,-62.1229,180.0,top,C23,,C_0603_1608Metric_Pad1.08x0.95mm_HandSolder,1uF,smt,True
148.9891,-62.0997,180.0,top,C24,,C_0603_1608Metric_Pad1.08x0.95mm_HandSolder,1uF,smt,True
141.375,-63.375,180.0,bottom,C3,,C_0603_1608Metric_Pad1.08x0.95mm_HandSolder,100nF,smt,True
105.3,-56.875,-90.0,bottom,C4,,C_0603_1608Metric_Pad1.08x0.95mm_HandSolder,100nF,smt,True
102.375,-63.375,180.0,top,C5,,C_0603_1608Metric_Pad1.08x0.95mm_HandSolder,100nF,smt,True
126.1,-66.95,180.0,bottom,C6,,C_0603_1608Metric_Pad1.08x0.95mm_HandSolder,10uF,smt,True
108.55,-52.0,0.0,bottom,C7,,C_0603_1608Metric_Pad1.08x0.95mm_HandSolder,1uF,smt,True
111.3389,-52.0,-90.0,bottom,C8,,C_0603_1608Metric_Pad1.08x0.95mm_HandSolder,100nF,smt,True
109.3114,-72.6351,90.0,top,C9,,C_0603_1608Metric_Pad1.08x0.95mm_HandSolder,100nF,smt,True
145.375,-77.7,0.0,top,Ctrl,,JST_EH_B3B-EH-A_1x03_P2.50mm_Vertical,Conn_01x03_Socket,tht,True
109.9914,-71.7279,0.0,bottom,D1,,D_SOD-123,1N4148W,smt,True
102.8446,-52.8,0.0,top,H1,,MountingHole_2.7mm_M2.5_DIN965_Pad_TopBottom,MountingHole_Pad,tht,True
156.0918,-52.8184,0.0,top,H2,,MountingHole_2.7mm_M2.5_DIN965_Pad_TopBottom,MountingHole_Pad,tht,True
102.8954,-77.522,0.0,top,H3,,MountingHole_2.7mm_M2.5_DIN965_Pad_TopBottom,MountingHole_Pad,tht,True
156.2491,-77.522,0.0,top,H4,,MountingHole_2.7mm_M2.5_DIN965_Pad_TopBottom,MountingHole_Pad,tht,True
109.47,-65.5562,90.0,top,IC1,,SOP65P640X110-16N,FST3253MTCX,smt,True
116.35,-63.025,0.0,top,IQ_Balance,,PinHeader_1x03_P1.00mm_Vertical,Conn_01x03,tht,True
154.725,-68.85,90.0,top,I_In_Tx,,JST_EH_B2B-EH-A_1x02_P2.50mm_Vertical,Conn_01x02,tht,True
149.075,-52.95,180.0,top,I_Out,,JST_EH_B3B-EH-A_1x03_P2.50mm_Vertical,I_Out,tht,True
118.95,-72.15,0.0,bottom,JP1,,SolderJumper-3_P1.3mm_Open_Pad1.0x1.5mm_NumberLabels,SolderJumper_3_Open,tht,False
118.95,-68.9,0.0,bottom,JP2,,SolderJumper-3_P1.3mm_Open_Pad1.0x1.5mm_NumberLabels,SolderJumper_3_Open,tht,False
109.7304,-64.937,0.0,bottom,K1,,G6K-2F-Y DC3_OMR,G6K-2F-Y DC3,smt,True
114.4,-52.65,180.0,bottom,L1,,L_0805_2012Metric_Pad1.15x1.40mm_HandSolder,100u,smt,True
106.6,-72.6222,90.0,top,L2,,L_0805_2012Metric_Pad1.15x1.40mm_HandSolder,100u,smt,True
105.4181,-63.5181,90.0,top,L3,,L_0805_2012Metric_Pad1.15x1.40mm_HandSolder,100u,smt,True
149.3558,-68.8142,90.0,top,Q_In_Tx,,JST_EH_B2B-EH-A_1x02_P2.50mm_Vertical,Conn_01x02,tht,True
149.075,-58.15,180.0,top,Q_Out,,JST_EH_B3B-EH-A_1x03_P2.50mm_Vertical,Q_Out,tht,True
119.6,-74.425,180.0,bottom,R1,,R_0603_1608Metric_Pad0.98x0.95mm_HandSolder,100R,smt,True
116.675,-55.9,90.0,top,R10,,R_0603_1608Metric_Pad0.98x0.95mm_HandSolder,47R,smt,True
108.875,-55.9,90.0,top,R11,,R_0603_1608Metric_Pad0.98x0.95mm_HandSolder,47R,smt,True
114.075,-55.9,90.0,top,R12,,R_0603_1608Metric_Pad0.98x0.95mm_HandSolder,47R,smt,True
111.475,-55.9,90.0,top,R13,,R_0603_1608Metric_Pad0.98x0.95mm_HandSolder,47R,smt,True
139.109,-64.4743,0.0,top,R14,,R_0603_1608Metric_Pad0.98x0.95mm_HandSolder,10k 1%,smt,True
139.1673,-69.5827,0.0,top,R15,,R_0603_1608Metric_Pad0.98x0.95mm_HandSolder,10k 1%,smt,True
138.1504,-78.9552,0.0,top,R16,,R_0603_1608Metric_Pad0.98x0.95mm_HandSolder,10k,smt,True
138.0811,-74.6014,0.0,top,R17,,R_0603_1608Metric_Pad0.98x0.95mm_HandSolder,10k,smt,True
126.257,-56.7384,180.0,top,R18,,R_0603_1608Metric_Pad0.98x0.95mm_HandSolder,10k 1%,smt,True
133.4898,-58.6163,180.0,top,R19,,R_0603_1608Metric_Pad0.98x0.95mm_HandSolder,10k 1%,smt,True
109.9878,-74.0813,0.0,bottom,R2,,R_0603_1608Metric_Pad0.98x0.95mm_HandSolder,0R,smt,True
139.109,-66.6934,0.0,top,R20,,R_0603_1608Metric_Pad0.98x0.95mm_HandSolder,10k 1%,smt,True
139.1673,-71.8019,0.0,top,R21,,R_0603_1608Metric_Pad0.98x0.95mm_HandSolder,10k 1%,smt,True
127.3727,-53.7678,90.0,top,R22,,R_0603_1608Metric_Pad0.98x0.95mm_HandSolder,10k 1%,smt,True
136.8173,-52.4991,90.0,top,R23,,R_0603_1608Metric_Pad0.98x0.95mm_HandSolder,10k 1%,smt,True
142.9686,-64.4792,0.0,top,R24,,R_0603_1608Metric_Pad0.98x0.95mm_HandSolder,10k 1%,smt,True
143.0269,-69.5846,0.0,top,R25,,R_0603_1608Metric_Pad0.98x0.95mm_HandSolder,10k 1%,smt,True
142.9686,-62.3429,0.0,top,R26,,R_0603_1608Metric_Pad0.98x0.95mm_HandSolder,10k 1%,smt,True
143.0269,-71.8019,0.0,top,R27,,R_0603_1608Metric_Pad0.98x0.95mm_HandSolder,10k 1%,smt,True
133.25,-74.425,-90.0,bottom,R3,,R_0603_1608Metric_Pad0.98x0.95mm_HandSolder,10k,smt,True
131.625,-74.425,90.0,bottom,R4,,R_0603_1608Metric_Pad0.98x0.95mm_HandSolder,10k,smt,True
137.8,-65.0,180.0,bottom,R5,,R_0603_1608Metric_Pad0.98x0.95mm_HandSolder,DNF,smt,True
119.6,-66.625,0.0,bottom,R6,,R_0603_1608Metric_Pad0.98x0.95mm_HandSolder,100R,smt,True
114.075,-72.6065,-90.0,top,R7,,R_0603_1608Metric_Pad0.98x0.95mm_HandSolder,10k,smt,True
111.7405,-72.5967,-90.0,top,R8,,R_0603_1608Metric_Pad0.98x0.95mm_HandSolder,10k,smt,True
103.8708,-72.6122,90.0,top,R9,,R_0603_1608Metric_Pad0.98x0.95mm_HandSolder,47R,smt,True
102.375,-66.325,0.0,top,RF_In,,PinHeader_1x02_P2.54mm_Vertical,Conn_01x02,tht,True
102.4375,-57.7799,0.0,top,RF_Out,,PinHeader_1x02_P2.54mm_Vertical,Conn_01x02,tht,True
125.875,-77.7,0.0,top,Supply,,JST_EH_B3B-EH-A_1x03_P2.50mm_Vertical,Supply,tht,True
110.6,-77.675,0.0,top,Tx,,JST_EH_B3B-EH-A_1x03_P2.50mm_Vertical,Q_Out,tht,True
108.55,-54.925,180.0,bottom,U1,,PG-SOT343-4-1_INF,BGA420H6327XTSA1,smt,True
126.425,-70.85,180.0,bottom,U2,,74AC74-L,SN74AC74PWR,smt,True
139.75,-67.6,180.0,bottom,U3,,MSOP-10_3x3mm_P0.5mm,Si5351A-B-GT,smt,True
133.9,-67.925,-90.0,bottom,U4,,SOT-23-6-DBV_TEX,TXU0101DBVR,smt,True
123.3868,-61.789,0.0,top,U5,,TSSOP16_5P1X4P5_NEX,4053,smt,True
123.3891,-68.4127,0.0,top,U6,,TSSOP16_5P1X4P5_NEX,4053,smt,True
132.5323,-55.5655,0.0,top,U7,,OPA1678_L,OPA1678IDGKT,smt,True
132.725,-63.8529,0.0,top,U8,,OPA1678_L,OPA1678IDGKT,smt,True
132.8624,-69.9174,0.0,top,U9,,OPA1678_L,OPA1678IDGKT,smt,True
145.6,-67.275,-90.0,bottom,Y1,,XTAL_ECS-250-8-30B-CKM,ECS-250-8-30B-CKM,smt,True
