﻿designator,quantity,value,pack,mpn,mount_type
"C1, C10, C15, C16, C17, C18, C2, C21, C22, C3, C4, C5, C8, C9",14,100nF,C_0603_1608Metric_Pad1.08x0.95mm_HandSolder,,smt
"C11, C12, C13, C14",4,47nF,C_0603_1608Metric_Pad1.08x0.95mm_HandSolder,,smt
"C19, C20",2,1.5nF,C_0603_1608Metric_Pad1.08x0.95mm_HandSolder,,smt
"C23, C24, C7",3,1uF,C_0603_1608Metric_Pad1.08x0.95mm_HandSolder,,smt
C6,1,10uF,C_0603_1608Metric_Pad1.08x0.95mm_HandSolder,,smt
Ctrl,1,Conn_01x03_Socket,JST_EH_B3B-EH-A_1x03_P2.50mm_Vertical,,tht
D1,1,1N4148W,D_SOD-123,,smt
"H1, H2, H3, H4",4,MountingHole_Pad,MountingHole_2.7mm_M2.5_DIN965_Pad_TopBottom,,tht
IC1,1,FST3253MTCX,SOP65P640X110-16N,,smt
IQ_Balance,1,Conn_01x03,PinHeader_1x03_P1.00mm_Vertical,,tht
"I_In_Tx, Q_In_Tx",2,Conn_01x02,JST_EH_B2B-EH-A_1x02_P2.50mm_Vertical,,tht
I_Out,1,I_Out,JST_EH_B3B-EH-A_1x03_P2.50mm_Vertical,,tht
"JP1, JP2",2,SolderJumper_3_Open,SolderJumper-3_P1.3mm_Open_Pad1.0x1.5mm_NumberLabels,,tht
K1,1,G6K-2F-Y DC3,G6K-2F-Y DC3_OMR,,smt
"L1, L2, L3",3,100u,L_0805_2012Metric_Pad1.15x1.40mm_HandSolder,,smt
"Q_Out, Tx",2,Q_Out,JST_EH_B3B-EH-A_1x03_P2.50mm_Vertical,,tht
"R1, R6",2,100R,R_0603_1608Metric_Pad0.98x0.95mm_HandSolder,,smt
"R10, R11, R12, R13, R9",5,47R,R_0603_1608Metric_Pad0.98x0.95mm_HandSolder,,smt
"R14, R15, R18, R19, R20, R21, R22, R23, R24, R25, R26, R27",12,10k 1%,R_0603_1608Metric_Pad0.98x0.95mm_HandSolder,,smt
"R16, R17, R3, R4, R7, R8",6,10k,R_0603_1608Metric_Pad0.98x0.95mm_HandSolder,,smt
R2,1,0R,R_0603_1608Metric_Pad0.98x0.95mm_HandSolder,,smt
R5,1,DNF,R_0603_1608Metric_Pad0.98x0.95mm_HandSolder,,smt
"RF_In, RF_Out",2,Conn_01x02,PinHeader_1x02_P2.54mm_Vertical,,tht
Supply,1,Supply,JST_EH_B3B-EH-A_1x03_P2.50mm_Vertical,,tht
U1,1,BGA420H6327XTSA1,PG-SOT343-4-1_INF,,smt
U2,1,SN74AC74PWR,74AC74-L,,smt
U3,1,Si5351A-B-GT,MSOP-10_3x3mm_P0.5mm,,smt
U4,1,TXU0101DBVR,SOT-23-6-DBV_TEX,,smt
"U5, U6",2,4053,TSSOP16_5P1X4P5_NEX,,smt
"U7, U8, U9",3,OPA1678IDGKT,OPA1678_L,,smt
Y1,1,ECS-250-8-30B-CKM,XTAL_ECS-250-8-30B-CKM,,smt
