﻿designator,quantity,value,pack,mpn,mount_type
"Amplitude, L_1700Hz, L_700Hz, MIC_raw, T_1700Hz, T_700Hz",6,10k Trimmer,M64Y503KB40,,tht
"C1, C15, C16",3,100nF,C_0805_2012Metric_Pad1.18x1.45mm_HandSolder,,smt
C10,1,0nF,C_0805_2012Metric_Pad1.18x1.45mm_HandSolder,,smt
C11,1,11.1nF,C_0805_2012Metric_Pad1.18x1.45mm_HandSolder,,smt
C12,1,10nF,C_0805_2012Metric_Pad1.18x1.45mm_HandSolder,,smt
"C13, C14",2,15nF,C_0805_2012Metric_Pad1.18x1.45mm_HandSolder,,smt
"C17, C18",2,100uF,CP_EIA-3216-12_Kemet-S_Pad1.58x1.35mm_HandSolder,,smt
"C2, C3, C4, C5",4,4.7nF,C_0805_2012Metric_Pad1.18x1.45mm_HandSolder,,smt
C6,1,470nF,C_0805_2012Metric_Pad1.18x1.45mm_HandSolder,,smt
C7,1,360nF,C_0805_2012Metric_Pad1.18x1.45mm_HandSolder,,smt
"C8, C9",2,1uF,C_0805_2012Metric_Pad1.18x1.45mm_HandSolder,,smt
"D1, D2, D3, D4",4,1N4148WS,D_SOD-323,,smt
"H1, H2, H3, H4",4,MountingHole_Pad,MountingHole_2.5mm_Pad_TopBottom,,tht
"Mic_In , Mic_Out",2,Conn_01x02_Socket,JST_EH_B2B-EH-A_1x02_P2.50mm_Vertical,,tht
"R1, R15, R16, R17",4,10k,R_0805_2012Metric_Pad1.20x1.40mm_HandSolder,,smt
R10,1,383R,R_0805_2012Metric_Pad1.20x1.40mm_HandSolder,,smt
"R11, R12, R18",3,0R,R_0805_2012Metric_Pad1.20x1.40mm_HandSolder,,smt
R13,1,2k,R_0805_2012Metric_Pad1.20x1.40mm_HandSolder,,smt
R14,1,4.02k,R_0805_2012Metric_Pad1.20x1.40mm_HandSolder,,smt
"R2, R7",2,47k,R_0805_2012Metric_Pad1.20x1.40mm_HandSolder,,smt
"R3, R8",2,20k,R_0805_2012Metric_Pad1.20x1.40mm_HandSolder,,smt
R4,1,3.16k,R_0805_2012Metric_Pad1.20x1.40mm_HandSolder,,smt
"R5, R6",2,3.3k,R_0805_2012Metric_Pad1.20x1.40mm_HandSolder,,smt
R9,1,6.34k,R_0805_2012Metric_Pad1.20x1.40mm_HandSolder,,smt
Supp_MicAmp,1,Conn_01x03_Socket,JST_EH_B3B-EH-A_1x03_P2.50mm_Vertical,,tht
"U1, U2, U3, U6, U7",5,LM358,SOIC-8_3.9x4.9mm_P1.27mm,,smt
U4,1,MAX291ESA+,MAX291,,smt
U5,1,219-3MST,SW3_219-3MST_CTS,,smt
