﻿pos_x,pos_y,rotation,side,designator,mpn,pack,value,mount_type,place
148.9557,-114.9028,0.0,top,Amplitude,,M64Y503KB40,10k Trimmer,tht,True
103.2262,-120.3537,0.0,top,C1,,C_0805_2012Metric_Pad1.18x1.45mm_HandSolder,100nF,smt,True
116.1238,-118.2546,180.0,top,C10,,C_0805_2012Metric_Pad1.18x1.45mm_HandSolder,0nF,smt,True
116.152,-116.0252,180.0,top,C11,,C_0805_2012Metric_Pad1.18x1.45mm_HandSolder,11.1nF,smt,True
123.3503,-120.9736,180.0,top,C12,,C_0805_2012Metric_Pad1.18x1.45mm_HandSolder,10nF,smt,True
123.4014,-123.2501,180.0,top,C13,,C_0805_2012Metric_Pad1.18x1.45mm_HandSolder,15nF,smt,True
118.7405,-128.656,90.0,top,C14,,C_0805_2012Metric_Pad1.18x1.45mm_HandSolder,15nF,smt,True
106.2983,-125.1137,0.0,top,C15,,C_0805_2012Metric_Pad1.18x1.45mm_HandSolder,100nF,smt,True
110.2747,-125.0952,0.0,top,C16,,C_0805_2012Metric_Pad1.18x1.45mm_HandSolder,100nF,smt,True
114.2132,-129.3047,-90.0,top,C17,,CP_EIA-3216-12_Kemet-S_Pad1.58x1.35mm_HandSolder,100uF,smt,True
116.4897,-129.3047,-90.0,top,C18,,CP_EIA-3216-12_Kemet-S_Pad1.58x1.35mm_HandSolder,100uF,smt,True
100.9651,-116.358,180.0,bottom,C2,,C_0805_2012Metric_Pad1.18x1.45mm_HandSolder,4.7nF,smt,True
111.9523,-114.2417,180.0,bottom,C3,,C_0805_2012Metric_Pad1.18x1.45mm_HandSolder,4.7nF,smt,True
104.928,-116.3688,180.0,bottom,C4,,C_0805_2012Metric_Pad1.18x1.45mm_HandSolder,4.7nF,smt,True
113.9993,-111.806,180.0,bottom,C5,,C_0805_2012Metric_Pad1.18x1.45mm_HandSolder,4.7nF,smt,True
106.9594,-119.0577,90.0,top,C6,,C_0805_2012Metric_Pad1.18x1.45mm_HandSolder,470nF,smt,True
109.1362,-119.0382,-90.0,top,C7,,C_0805_2012Metric_Pad1.18x1.45mm_HandSolder,360nF,smt,True
107.2254,-107.5382,90.0,bottom,C8,,C_0805_2012Metric_Pad1.18x1.45mm_HandSolder,1uF,smt,True
126.6989,-107.3001,90.0,bottom,C9,,C_0805_2012Metric_Pad1.18x1.45mm_HandSolder,1uF,smt,True
104.2832,-108.4674,180.0,bottom,D1,,D_SOD-323,1N4148WS,smt,True
104.3555,-106.3512,0.0,bottom,D2,,D_SOD-323,1N4148WS,smt,True
123.7062,-108.4143,180.0,bottom,D3,,D_SOD-323,1N4148WS,smt,True
123.7241,-106.3169,0.0,bottom,D4,,D_SOD-323,1N4148WS,smt,True
99.1355,-105.8056,0.0,top,H1,,MountingHole_2.5mm_Pad_TopBottom,MountingHole_Pad,tht,True
151.6237,-105.5403,0.0,top,H2,,MountingHole_2.5mm_Pad_TopBottom,MountingHole_Pad,tht,True
98.8648,-128.8041,0.0,top,H3,,MountingHole_2.5mm_Pad_TopBottom,MountingHole_Pad,tht,True
151.6237,-128.8041,0.0,top,H4,,MountingHole_2.5mm_Pad_TopBottom,MountingHole_Pad,tht,True
136.4995,-106.0328,0.0,top,L_1700Hz,,M64Y503KB40,10k Trimmer,tht,True
117.1625,-106.0072,0.0,top,L_700Hz,,M64Y503KB40,10k Trimmer,tht,True
128.3228,-126.125,-90.0,top,MIC_raw,,M64Y503KB40,10k Trimmer,tht,True
99.06,-119.42,-90.0,top,Mic_In ,,JST_EH_B2B-EH-A_1x02_P2.50mm_Vertical,Conn_01x02_Socket,tht,True
141.092,-128.9329,0.0,top,Mic_Out,,JST_EH_B2B-EH-A_1x02_P2.50mm_Vertical,Conn_01x02_Socket,tht,True
102.3325,-123.4266,90.0,top,R1,,R_0805_2012Metric_Pad1.20x1.40mm_HandSolder,10k,smt,True
110.0169,-115.9859,0.0,top,R10,,R_0805_2012Metric_Pad1.20x1.40mm_HandSolder,383R,smt,True
113.0567,-116.9067,90.0,top,R11,,R_0805_2012Metric_Pad1.20x1.40mm_HandSolder,0R,smt,True
113.1046,-120.9471,-90.0,top,R12,,R_0805_2012Metric_Pad1.20x1.40mm_HandSolder,0R,smt,True
116.0897,-120.3861,180.0,top,R13,,R_0805_2012Metric_Pad1.20x1.40mm_HandSolder,2k,smt,True
122.0518,-116.0378,180.0,top,R14,,R_0805_2012Metric_Pad1.20x1.40mm_HandSolder,4.02k,smt,True
138.6494,-117.1365,180.0,bottom,R15,,R_0805_2012Metric_Pad1.20x1.40mm_HandSolder,10k,smt,True
138.758,-124.9598,180.0,bottom,R16,,R_0805_2012Metric_Pad1.20x1.40mm_HandSolder,10k,smt,True
142.533,-117.1496,180.0,bottom,R17,,R_0805_2012Metric_Pad1.20x1.40mm_HandSolder,10k,smt,True
119.4001,-123.2501,180.0,top,R18,,R_0805_2012Metric_Pad1.20x1.40mm_HandSolder,0R,smt,True
97.8099,-114.661,90.0,bottom,R2,,R_0805_2012Metric_Pad1.20x1.40mm_HandSolder,47k,smt,True
111.946,-116.36,180.0,bottom,R3,,R_0805_2012Metric_Pad1.20x1.40mm_HandSolder,20k,smt,True
103.2369,-118.1987,180.0,top,R4,,R_0805_2012Metric_Pad1.20x1.40mm_HandSolder,3.16k,smt,True
97.793,-110.76,-90.0,bottom,R5,,R_0805_2012Metric_Pad1.20x1.40mm_HandSolder,3.3k,smt,True
115.8632,-114.2309,0.0,bottom,R6,,R_0805_2012Metric_Pad1.20x1.40mm_HandSolder,3.3k,smt,True
107.6064,-113.2915,90.0,bottom,R7,,R_0805_2012Metric_Pad1.20x1.40mm_HandSolder,47k,smt,True
114.9821,-109.2704,0.0,bottom,R8,,R_0805_2012Metric_Pad1.20x1.40mm_HandSolder,20k,smt,True
108.1192,-122.1076,180.0,top,R9,,R_0805_2012Metric_Pad1.20x1.40mm_HandSolder,6.34k,smt,True
104.8805,-129.0791,0.0,top,Supp_MicAmp,,JST_EH_B3B-EH-A_1x03_P2.50mm_Vertical,Conn_01x03_Socket,tht,True
128.9795,-106.0328,0.0,top,T_1700Hz,,M64Y503KB40,10k Trimmer,tht,True
109.6603,-106.025,0.0,top,T_700Hz,,M64Y503KB40,10k Trimmer,tht,True
109.4264,-120.9823,0.0,bottom,U1,,SOIC-8_3.9x4.9mm_P1.27mm,LM358,smt,True
102.753,-112.5278,0.0,bottom,U2,,SOIC-8_3.9x4.9mm_P1.27mm,LM358,smt,True
122.1191,-112.5579,0.0,bottom,U3,,SOIC-8_3.9x4.9mm_P1.27mm,LM358,smt,True
119.3447,-120.9659,180.0,bottom,U4,,MAX291,MAX291ESA+,smt,True
138.2782,-119.9783,0.0,top,U5,,SW3_219-3MST_CTS,219-3MST,smt,True
129.1069,-121.0253,0.0,bottom,U6,,SOIC-8_3.9x4.9mm_P1.27mm,LM358,smt,True
140.5441,-121.0376,0.0,bottom,U7,,SOIC-8_3.9x4.9mm_P1.27mm,LM358,smt,True
