﻿pos_x,pos_y,rotation,side,designator,mpn,pack,value,mount_type,place
103.6013,-71.5411,0.0,top,Audio_In_Tx,,JST_EH_B2B-EH-A_1x02_P2.50mm_Vertical,Conn_01x02_Socket,tht,True
142.1313,-52.7967,180.0,top,Audio_Out_Rx,,JST_EH_B2B-EH-A_1x02_P2.50mm_Vertical,Conn_01x02_Socket,tht,True
149.4461,-71.141,-90.0,top,C1,,CP_Elec_4x3.9,100uF,smt,True
137.1843,-63.3028,0.0,bottom,C10,,C_0805_2012Metric_Pad1.18x1.45mm_HandSolder,10nF,smt,True
137.1039,-74.9827,0.0,bottom,C11,,C_0805_2012Metric_Pad1.18x1.45mm_HandSolder,10nF,smt,True
132.0066,-56.2679,90.0,bottom,C12,,C_0805_2012Metric_Pad1.18x1.45mm_HandSolder,10nF,smt,True
131.89,-69.5559,90.0,bottom,C13,,C_0805_2012Metric_Pad1.18x1.45mm_HandSolder,10nF,smt,True
109.6489,-61.2995,-90.0,top,C2,,C_0805_2012Metric_Pad1.18x1.45mm_HandSolder,10nF,smt,True
145.5167,-71.9764,90.0,top,C3,,C_0805_2012Metric_Pad1.18x1.45mm_HandSolder,100nF,smt,True
112.0187,-61.3261,90.0,top,C4,,C_0805_2012Metric_Pad1.18x1.45mm_HandSolder,10nF,smt,True
115.633,-62.2477,-90.0,top,C5,,CP_Elec_4x3.9,10uF,smt,True
126.6527,-63.222,0.0,bottom,C6,,C_0805_2012Metric_Pad1.18x1.45mm_HandSolder,10nF,smt,True
126.6293,-75.1012,0.0,bottom,C7,,C_0805_2012Metric_Pad1.18x1.45mm_HandSolder,10nF,smt,True
121.6337,-56.2679,90.0,bottom,C8,,C_0805_2012Metric_Pad1.18x1.45mm_HandSolder,10nF,smt,True
121.6874,-69.5559,90.0,bottom,C9,,C_0805_2012Metric_Pad1.18x1.45mm_HandSolder,10nF,smt,True
102.8129,-52.8186,0.0,top,H1,,MountingHole_2.5mm_Pad_TopBottom,MountingHole_Pad,tht,True
156.1846,-52.843,0.0,top,H2,,MountingHole_2.5mm_Pad_TopBottom,MountingHole_Pad,tht,True
102.9083,-77.7997,0.0,top,H3,,MountingHole_2.5mm_Pad_TopBottom,MountingHole_Pad,tht,True
156.1165,-77.6587,0.0,top,H4,,MountingHole_2.5mm_Pad_TopBottom,MountingHole_Pad,tht,True
149.86,-61.3239,90.0,top,I_Audio_Out_Tx,,JST_EH_B2B-EH-A_1x02_P2.50mm_Vertical,Conn_01x02_Socket,tht,True
108.8234,-77.6642,0.0,top,I_Rx,,JST_EH_B2B-EH-A_1x02_P2.50mm_Vertical,Conn_01x02_Socket,tht,True
156.252,-61.2884,90.0,top,Q_Audio_Out_Tx,,JST_EH_B2B-EH-A_1x02_P2.50mm_Vertical,Conn_01x02_Socket,tht,True
117.416,-77.6642,0.0,top,Q_Rx,,JST_EH_B2B-EH-A_1x02_P2.50mm_Vertical,Conn_01x02_Socket,tht,True
110.4059,-72.1966,90.0,top,R1,,R_0805_2012Metric_Pad1.20x1.40mm_HandSolder,R,smt,True
129.6337,-73.5088,90.0,bottom,R10,,R_0805_2012Metric_Pad1.20x1.40mm_HandSolder,10k,smt,True
123.7285,-56.2679,90.0,bottom,R11,,R_0805_2012Metric_Pad1.20x1.40mm_HandSolder,10k,smt,True
123.7523,-69.5559,90.0,bottom,R12,,R_0805_2012Metric_Pad1.20x1.40mm_HandSolder,10k,smt,True
119.5152,-56.2679,-90.0,bottom,R13,,R_0805_2012Metric_Pad1.20x1.40mm_HandSolder,10k,smt,True
123.6071,-65.1816,90.0,bottom,R14,,R_0805_2012Metric_Pad1.20x1.40mm_HandSolder,10k,smt,True
129.6859,-56.2679,90.0,bottom,R15,,R_0805_2012Metric_Pad1.20x1.40mm_HandSolder,10k,smt,True
129.5568,-69.5559,90.0,bottom,R16,,R_0805_2012Metric_Pad1.20x1.40mm_HandSolder,10k,smt,True
137.178,-61.2519,0.0,bottom,R17,,R_0805_2012Metric_Pad1.20x1.40mm_HandSolder,10k,smt,True
137.1026,-72.9479,0.0,bottom,R18,,R_0805_2012Metric_Pad1.20x1.40mm_HandSolder,10k,smt,True
133.2102,-59.2684,180.0,bottom,R19,,R_0805_2012Metric_Pad1.20x1.40mm_HandSolder,10k,smt,True
109.6509,-65.2195,90.0,top,R2,,R_0805_2012Metric_Pad1.20x1.40mm_HandSolder,R,smt,True
134.1472,-73.5088,-90.0,bottom,R20,,R_0805_2012Metric_Pad1.20x1.40mm_HandSolder,10k,smt,True
140.1278,-60.3035,90.0,bottom,R21,,R_0805_2012Metric_Pad1.20x1.40mm_HandSolder,10k,smt,True
140.0609,-73.5088,90.0,bottom,R22,,R_0805_2012Metric_Pad1.20x1.40mm_HandSolder,10k,smt,True
152.253,-66.8341,90.0,top,R23,,R_0805_2012Metric_Pad1.20x1.40mm_HandSolder,10k,smt,True
134.3272,-56.2679,90.0,bottom,R24,,R_0805_2012Metric_Pad1.20x1.40mm_HandSolder,10k,smt,True
134.2231,-69.5559,90.0,bottom,R25,,R_0805_2012Metric_Pad1.20x1.40mm_HandSolder,10k,smt,True
142.2352,-56.2679,-90.0,bottom,R26,,R_0805_2012Metric_Pad1.20x1.40mm_HandSolder,10k,smt,True
133.3416,-66.0389,180.0,bottom,R27,,R_0805_2012Metric_Pad1.20x1.40mm_HandSolder,10k,smt,True
140.0981,-56.2679,90.0,bottom,R28,,R_0805_2012Metric_Pad1.20x1.40mm_HandSolder,10k,smt,True
140.0392,-69.5559,90.0,bottom,R29,,R_0805_2012Metric_Pad1.20x1.40mm_HandSolder,10k,smt,True
114.4232,-68.9745,-90.0,bottom,R3,,R_0805_2012Metric_Pad1.20x1.40mm_HandSolder,10k,smt,True
136.7583,-78.065,90.0,top,R30,,R_0805_2012Metric_Pad1.20x1.40mm_HandSolder,10k,smt,True
116.4425,-68.9742,-90.0,bottom,R4,,R_0805_2012Metric_Pad1.20x1.40mm_HandSolder,10k,smt,True
126.6247,-61.1465,0.0,bottom,R5,,R_0805_2012Metric_Pad1.20x1.40mm_HandSolder,10k,smt,True
126.646,-73.044,0.0,bottom,R6,,R_0805_2012Metric_Pad1.20x1.40mm_HandSolder,10k,smt,True
122.7677,-59.2684,180.0,bottom,R7,,R_0805_2012Metric_Pad1.20x1.40mm_HandSolder,10k,smt,True
123.6581,-73.5088,-90.0,bottom,R8,,R_0805_2012Metric_Pad1.20x1.40mm_HandSolder,10k,smt,True
129.6923,-60.2355,90.0,bottom,R9,,R_0805_2012Metric_Pad1.20x1.40mm_HandSolder,10k,smt,True
104.1256,-59.0155,90.0,top,S1,,SM3TW103,SM-3TW103,smt,True
133.6101,-69.9221,0.0,top,S10,,SM3TW103,SM-3TW103,smt,True
141.9444,-58.6674,-90.0,top,S11,,SM3TW103,SM-3TW103,smt,True
141.9684,-64.8753,-90.0,top,S12,,SM3TW103,SM-3TW103,smt,True
104.1956,-65.1683,90.0,top,S2,,SM3TW103,SM-3TW103,smt,True
115.2549,-53.4735,0.0,top,S3,,SM3TW103,SM-3TW103,smt,True
115.3018,-69.9384,0.0,top,S4,,SM3TW103,8x SM-3TW103,smt,True
121.3661,-53.4462,0.0,top,S5,,SM3TW103,SM-3TW103,smt,True
121.4158,-69.9519,0.0,top,S6,,SM3TW103,SM-3TW103,smt,True
127.4223,-53.4642,0.0,top,S7,,SM3TW103,SM-3TW103,smt,True
127.4817,-69.955,0.0,top,S8,,SM3TW103,SM-3TW103,smt,True
133.5131,-53.4884,0.0,top,S9,,SM3TW103,SM-3TW103,smt,True
143.6813,-77.5236,0.0,top,Supply,,JST_EH_B2B-EH-A_1x02_P2.50mm_Vertical,Conn_01x02_Socket,tht,True
130.1016,-77.6995,0.0,top,Tx,,JST_EH_B2B-EH-A_1x02_P2.50mm_Vertical,Conn_01x02_Socket,tht,True
120.7815,-63.9814,90.0,bottom,U1,,OPA1678_L,5x OPA1678IDGKT,smt,True
110.6453,-68.5964,180.0,top,U2,,DFN-8-1EP_2x2mm_P0.5mm_EP1.05x1.75mm,LM358_DFN,smt,True
115.2694,-62.7535,90.0,bottom,U3,,TSSOP16_5P1X4P5_NEX,2x 74HC4052_SNM,smt,True
126.6232,-57.3763,90.0,bottom,U4,,OPA1678_L,OPA1678IDGKT,smt,True
126.7433,-69.1523,90.0,bottom,U5,,OPA1678_L,OPA1678IDGKT,smt,True
137.1561,-57.3763,90.0,bottom,U6,,OPA1678_L,OPA1678IDGKT,smt,True
137.1358,-69.0614,90.0,bottom,U7,,OPA1678_L,OPA1678IDGKT,smt,True
145.2679,-64.4759,90.0,bottom,U8,,TSSOP16_5P1X4P5_NEX,74HC4052_SNM,smt,True
156.2067,-71.358,90.0,top,USB_LSB,,JST_EH_B2B-EH-A_1x02_P2.50mm_Vertical,Conn_01x02_Socket,tht,True
