﻿designator,quantity,value,pack,mpn,mount_type
"Audio_In_Tx, Audio_Out_Rx, I_Audio_Out_Tx, I_Rx, Q_Audio_Out_Tx, Q_Rx, Supply, Tx, USB_LSB",9,Conn_01x02_Socket,JST_EH_B2B-EH-A_1x02_P2.50mm_Vertical,,tht
C1,1,100uF,CP_Elec_4x3.9,,smt
"C10, C11, C12, C13, C2, C4, C6, C7, C8, C9",10,10nF,C_0805_2012Metric_Pad1.18x1.45mm_HandSolder,,smt
C3,1,100nF,C_0805_2012Metric_Pad1.18x1.45mm_HandSolder,,smt
C5,1,10uF,CP_Elec_4x3.9,,smt
"H1, H2, H3, H4",4,MountingHole_Pad,MountingHole_2.5mm_Pad_TopBottom,,tht
"R1, R2",2,R,R_0805_2012Metric_Pad1.20x1.40mm_HandSolder,,smt
"R10, R11, R12, R13, R14, R15, R16, R17, R18, R19, R20, R21, R22, R23, R24, R25, R26, R27, R28, R29, R3, R30, R4, R5, R6, R7, R8, R9",28,10k,R_0805_2012Metric_Pad1.20x1.40mm_HandSolder,,smt
"S1, S10, S11, S12, S2, S3, S5, S6, S7, S8, S9",11,SM-3TW103,SM3TW103,,smt
S4,1,8x SM-3TW103,SM3TW103,,smt
U1,1,5x OPA1678IDGKT,OPA1678_L,,smt
U2,1,LM358_DFN,DFN-8-1EP_2x2mm_P0.5mm_EP1.05x1.75mm,,smt
U3,1,2x 74HC4052_SNM,TSSOP16_5P1X4P5_NEX,,smt
"U4, U5, U6, U7",4,OPA1678IDGKT,OPA1678_L,,smt
U8,1,74HC4052_SNM,TSSOP16_5P1X4P5_NEX,,smt
