﻿designator,quantity,value,pack,mpn,mount_type
"Audio_In, Audio_Out",2,Conn_01x02_Socket,JST_EH_B2B-EH-A_1x02_P2.50mm_Vertical,,tht
"C1, C2, C8",3,1uF,C_0805_2012Metric_Pad1.18x1.45mm_HandSolder,,smt
"C3, C7",2,10uF,CP_Elec_5x3.9,,smt
C4,1,50nF,C_0805_2012Metric_Pad1.18x1.45mm_HandSolder,,smt
"C5, C6",2,100uF,CP_Elec_6.3x5.7,,smt
C9,1,100nF,C_0805_2012Metric_Pad1.18x1.45mm_HandSolder,,smt
"H1, H2, H3, H4",4,MountingHole_Pad,MountingHole_2.5mm_Pad_TopBottom,,tht
R1,1,1.2k,R_0805_2012Metric_Pad1.20x1.40mm_HandSolder,,smt
R2,1,10R,R_0805_2012Metric_Pad1.20x1.40mm_HandSolder,,smt
Supp_AudioPwr,1,Supp_AudioPwr,JST_EH_B2B-EH-A_1x02_P2.50mm_Vertical,,tht
U1,1,LM386,SOIC-8_3.9x4.9mm_P1.27mm,,smt
U2,1,3310R-125-103L,3310R-125-103L,,tht
Volume,1,Volume,JST_EH_B3B-EH-A_1x03_P2.50mm_Vertical,,tht
