﻿pos_x,pos_y,rotation,side,designator,mpn,pack,value,mount_type,place
103.719146,-60.075228,-90.0,top,Audio_In,,JST_EH_B2B-EH-A_1x02_P2.50mm_Vertical,Conn_01x02_Socket,tht,True
142.245221,-76.688053,0.0,top,Audio_Out,,JST_EH_B2B-EH-A_1x02_P2.50mm_Vertical,Conn_01x02_Socket,tht,True
125.934148,-63.561081,0.0,top,C1,,C_0805_2012Metric_Pad1.18x1.45mm_HandSolder,1uF,smt,True
138.217383,-62.540374,0.0,top,C2,,C_0805_2012Metric_Pad1.18x1.45mm_HandSolder,1uF,smt,True
132.08,-58.236754,0.0,top,C3,,CP_Elec_5x3.9,10uF,smt,True
130.918573,-68.944151,-90.0,top,C4,,C_0805_2012Metric_Pad1.18x1.45mm_HandSolder,50nF,smt,True
152.321967,-59.762332,0.0,top,C5,,CP_Elec_6.3x5.7,100uF,smt,True
152.282951,-67.526561,0.0,top,C6,,CP_Elec_6.3x5.7,100uF,smt,True
143.817599,-67.886768,-90.0,top,C7,,CP_Elec_5x3.9,10uF,smt,True
137.288883,-65.776959,-90.0,top,C8,,C_0805_2012Metric_Pad1.18x1.45mm_HandSolder,1uF,smt,True
139.655868,-65.779891,-90.0,top,C9,,C_0805_2012Metric_Pad1.18x1.45mm_HandSolder,100nF,smt,True
103.428728,-53.197536,0.0,top,H1,,MountingHole_2.5mm_Pad_TopBottom,MountingHole_Pad,tht,True
156.917992,-53.223168,0.0,top,H2,,MountingHole_2.5mm_Pad_TopBottom,MountingHole_Pad,tht,True
156.742419,-76.69143,0.0,top,H3,,MountingHole_2.5mm_Pad_TopBottom,MountingHole_Pad,tht,True
103.080752,-76.638932,0.0,top,H4,,MountingHole_2.5mm_Pad_TopBottom,MountingHole_Pad,tht,True
126.737551,-60.295307,-90.0,top,R1,,R_0805_2012Metric_Pad1.20x1.40mm_HandSolder,1.2k,smt,True
133.05146,-68.944151,90.0,top,R2,,R_0805_2012Metric_Pad1.20x1.40mm_HandSolder,10R,smt,True
110.17337,-76.796644,0.0,top,Supp_AudioPwr,,JST_EH_B2B-EH-A_1x02_P2.50mm_Vertical,Supp_AudioPwr,tht,True
132.015,-64.135,0.0,top,U1,,SOIC-8_3.9x4.9mm_P1.27mm,LM386,smt,True
119.746926,-63.843255,90.0,top,U2,,3310R-125-103L,3310R-125-103L,tht,True
121.368067,-76.679595,0.0,top,Volume,,JST_EH_B3B-EH-A_1x03_P2.50mm_Vertical,Volume,tht,True
