﻿pos_x,pos_y,rotation,side,designator,mpn,pack,value,mount_type,place
100.4909,-88.9689,-90.0,bottom,C1,,C_0603_1608Metric,PGB1010603,smt,True
154.0079,-93.2469,-90.0,bottom,C10,,C_0805_2012Metric_Pad1.18x1.45mm_HandSolder,100nF,smt,True
168.6329,-79.9219,0.0,bottom,C11,,C_0805_2012Metric_Pad1.18x1.45mm_HandSolder,100nF,smt,True
131.5829,-76.6094,0.0,bottom,C12,,C_0805_2012Metric_Pad1.18x1.45mm_HandSolder,100nF,smt,True
104.7679,-118.6089,180.0,top,C13,,C_0805_2012Metric_Pad1.18x1.45mm_HandSolder,100nF,smt,True
141.9829,-98.1219,-90.0,bottom,C14,,C_0805_2012Metric_Pad1.18x1.45mm_HandSolder,100nF,smt,True
113.4039,-111.4969,90.0,top,C15,,CP_EIA-6032-20_AVX-F_Pad2.25x2.35mm_HandSolder,47uF Tant. 25V,smt,True
139.0579,-111.4969,90.0,top,C16,,CP_EIA-6032-20_AVX-F_Pad2.25x2.35mm_HandSolder,"1uF, Tant. 25V",smt,True
144.3919,-111.4969,90.0,top,C17,,CP_EIA-6032-20_AVX-F_Pad2.25x2.35mm_HandSolder,100uF Tant. 25V,smt,True
142.6329,-88.6969,0.0,bottom,C18,,C_0805_2012Metric_Pad1.18x1.45mm_HandSolder,4.7uF low ESR,smt,True
109.0859,-118.6089,0.0,top,C19,,C_0805_2012Metric_Pad1.18x1.45mm_HandSolder,1uF,smt,True
97.9509,-88.9904,90.0,bottom,C2,,C_0805_2012Metric_Pad1.18x1.45mm_HandSolder,100nF,smt,True
122.4605,-118.9841,-90.0,top,C20,,C_0805_2012Metric_Pad1.18x1.45mm_HandSolder,100nF,smt,True
118.4839,-116.3229,-90.0,top,C21,,CP_EIA-6032-20_AVX-F_Pad2.25x2.35mm_HandSolder,10uF Tant. 25V,smt,True
172.0219,-73.7359,0.0,top,C22,,C_0805_2012Metric_Pad1.18x1.45mm_HandSolder,10uF,smt,True
185.9919,-72.7199,0.0,top,C23,,C_0805_2012Metric_Pad1.18x1.45mm_HandSolder,10uF,smt,True
181.9279,-74.7519,90.0,top,C24,,C_0805_2012Metric_Pad1.18x1.45mm_HandSolder,1nF,smt,True
193.8659,-76.0219,90.0,top,C25,,C_0805_2012Metric_Pad1.18x1.45mm_HandSolder,1nF,smt,True
197.4219,-72.9739,0.0,top,C26,,C_0805_2012Metric_Pad1.18x1.45mm_HandSolder,10uF,smt,True
197.4219,-75.2599,0.0,top,C27,,C_0805_2012Metric_Pad1.18x1.45mm_HandSolder,10uF,smt,True
136.1329,-87.3344,0.0,bottom,C28,,C_0805_2012Metric_Pad1.18x1.45mm_HandSolder,220pF,smt,True
135.1579,-84.0844,-90.0,bottom,C29,,C_0805_2012Metric_Pad1.18x1.45mm_HandSolder,10uF,smt,True
96.9367,-107.3309,90.0,top,C3,,CP_EIA-6032-20_AVX-F_Pad2.25x2.35mm_HandSolder,47uF Tant. 25V,smt,True
131.5829,-83.1094,180.0,bottom,C30,,C_0805_2012Metric_Pad1.18x1.45mm_HandSolder,10uF,smt,True
97.4129,-76.5899,0.0,bottom,C31,,C_0603_1608Metric,PGB1010603,smt,True
97.4129,-72.2049,180.0,bottom,C32,,C_0603_1608Metric,PGB1010603,smt,True
97.4129,-67.8149,180.0,bottom,C33,,C_0603_1608Metric,PGB1010603,smt,True
154.6579,-88.6969,180.0,bottom,C34,,C_0805_2012Metric_Pad1.18x1.45mm_HandSolder,4.7uF low ESR,smt,True
135.1579,-64.6469,0.0,top,C35,,C_0805_2012Metric_Pad1.18x1.45mm_HandSolder,10uF,smt,True
135.1579,-62.1728,0.0,top,C36,,C_0805_2012Metric_Pad1.18x1.45mm_HandSolder,100nF,smt,True
130.607181,-52.947013,180.0,top,C37,,C_0805_2012Metric_Pad1.18x1.45mm_HandSolder,100nF,smt,True
154.6579,-75.0469,180.0,bottom,C38,,C_0805_2012Metric_Pad1.18x1.45mm_HandSolder,4.7uF low ESR,smt,True
131.1839,-112.5129,0.0,top,C4,,CP_EIA-6032-20_AVX-F_Pad2.25x2.35mm_HandSolder,10uF Tant. 25V,smt,True
96.8939,-114.2909,-90.0,top,C5,,C_0805_2012Metric_Pad1.18x1.45mm_HandSolder,100nF,smt,True
126.0162,-118.9792,-90.0,top,C6,,C_0805_2012Metric_Pad1.18x1.45mm_HandSolder,optional: 82pF,smt,True
148.4829,-102.9969,180.0,bottom,C7,,C_0805_2012Metric_Pad1.18x1.45mm_HandSolder,100nF,smt,True
161.8079,-86.7469,180.0,bottom,C8,,C_0805_2012Metric_Pad1.18x1.45mm_HandSolder,100nF,smt,True
141.9829,-93.8969,90.0,bottom,C9,,C_0805_2012Metric_Pad1.18x1.45mm_HandSolder,100nF,smt,True
136.615,-118.6709,-90.0,top,D1,,D_SOD-123F,PMEG2010AEH,smt,True
131.9079,-81.1594,0.0,bottom,FB1,,L_0603_1608Metric_Pad1.05x0.95mm_HandSolder,FBMJ1608,smt,True
131.9079,-74.3344,0.0,bottom,FB2,,L_0603_1608Metric_Pad1.05x0.95mm_HandSolder,FCM1608,smt,True
89.5649,-61.2829,0.0,top,H1,,MountingHole_3.2mm_M3_Pad_TopBottom,MountingHole_Pad,tht,False
205.8969,-61.5369,0.0,top,H2,,MountingHole_3.2mm_M3_Pad_TopBottom,MountingHole_Pad,tht,False
89.5649,-117.6709,0.0,top,H3,,MountingHole_3.2mm_M3_Pad_TopBottom,MountingHole_Pad,tht,False
205.8969,-118.4329,0.0,top,H4,,MountingHole_3.2mm_M3_Pad_TopBottom,MountingHole_Pad,tht,False
105.2579,-98.4469,0.0,top,H5,,MountingHole_3.2mm_M3_Pad_TopBottom,MountingHole_Pad,tht,False
124.5769,-54.1879,180.0,bottom,I2C2_1,,JST_XH_B3B-XH-A_1x03_P2.50mm_Vertical,Conn_01x03_Socket,tht,True
113.1869,-54.1709,180.0,bottom,I2C3_1,,JST_XH_B3B-XH-A_1x03_P2.50mm_Vertical,Conn_01x03_Socket,tht,True
101.7569,-54.1709,180.0,bottom,I2C4_1,,JST_XH_B3B-XH-A_1x03_P2.50mm_Vertical,Conn_01x03_Socket,tht,True
113.5919,-118.7339,-90.0,top,IC1,,SOT95P275X120-5N,NCP700BSN33T1G,smt,True
162.0843,-55.5679,180.0,top,J1,,CON50_2X25_UF_FLE_SAI,FLE-125-01-G-DV,smt,True
206.6759,-97.4936,90.0,bottom,JADC1,,JST_XH_B2B-XH-A_1x02_P2.50mm_Vertical,Conn_01x02_Socket,tht,True
206.6579,-74.9469,90.0,bottom,JDAC1,,JST_XH_B3B-XH-A_1x03_P2.50mm_Vertical,Conn_01x03_Socket,tht,True
196.7829,-97.9719,90.0,bottom,JFRAME1,,JST_XH_B4B-XH-A_1x04_P2.50mm_Vertical,Conn_01x04_Socket,tht,True
206.6759,-110.0109,90.0,bottom,JGPIO1,,JST_XH_B3B-XH-A_1x03_P2.50mm_Vertical,Conn_01x03_Socket,tht,True
176.5939,-80.8479,90.0,top,JP1,,SolderJumper-3_P1.3mm_Open_Pad1.0x1.5mm_NumberLabels,SolderJumper_3_Open,tht,False
186.7539,-80.8479,90.0,top,JP2,,SolderJumper-3_P1.3mm_Open_Pad1.0x1.5mm_NumberLabels,SolderJumper_3_Open,tht,False
131.2579,-72.0594,0.0,bottom,JP3,,SolderJumper-3_P1.3mm_Open_Pad1.0x1.5mm_NumberLabels,SolderJumper_3_Open,tht,False
123.4579,-104.2969,90.0,top,JP33_1,,SolderJumper-2_P1.3mm_Open_Pad1.0x1.5mm,SolderJumper_2_Open,tht,False
148.8079,-64.3219,0.0,top,JP4,,SolderJumper-3_P1.3mm_Open_Pad1.0x1.5mm_NumberLabels,SolderJumper_3_Open,tht,False
118.5829,-104.2969,90.0,top,JP50_1,,SolderJumper-2_P1.3mm_Open_Pad1.0x1.5mm,SolderJumper_2_Open,tht,False
152.7699,-108.9458,0.0,top,JPN50_1,,SolderJumper-2_P1.3mm_Open_Pad1.0x1.5mm,SolderJumper_2_Open,tht,False
88.7859,-103.2129,-90.0,bottom,JPOWER1,,JST_XH_B2B-XH-A_1x02_P2.50mm_Vertical,Conn_01x02_Socket,tht,True
172.8029,-55.1194,-90.0,bottom,JRadio1,,IDC-Header_2x10_P2.54mm_Vertical,Conn_02x10_Odd_Even,tht,True
89.6579,-72.7719,90.0,bottom,JSWD1,,CON10_2X5_DUK_FTSH_SAI-M,FTSH-105-01-L-DV-K,smt,True
196.8907,-110.1728,90.0,bottom,JTIM1,,JST_XH_B3B-XH-A_1x03_P2.50mm_Vertical,Conn_01x03_Socket,tht,True
206.6759,-87.6219,90.0,bottom,JUART1,,JST_XH_B3B-XH-A_1x03_P2.50mm_Vertical,Conn_01x03_Socket,tht,True
141.1998,-118.3549,0.0,top,L1,,L_1812_4532Metric_Pad1.30x3.40mm_HandSolder,10uH,smt,True
137.4329,-83.7594,-90.0,bottom,L2,,L_Murata_DFE201610P,2.2uH,smt,True
131.4713,-118.126,0.0,top,PS1,,SOIC127P600X175-8N,TPS6735ID,smt,True
168.6329,-77.6469,180.0,bottom,R1,,R_0805_2012Metric_Pad1.20x1.40mm_HandSolder,10k,smt,True
190.0829,-80.8479,-90.0,top,R10,,R_0805_2012Metric_Pad1.20x1.40mm_HandSolder,10k,smt,True
181.9279,-78.8159,90.0,top,R11,,R_0805_2012Metric_Pad1.20x1.40mm_HandSolder,10k,smt,True
192.3689,-80.8479,90.0,top,R12,,R_0805_2012Metric_Pad1.20x1.40mm_HandSolder,10k,smt,True
179.6419,-74.7359,-90.0,top,R13,,R_0805_2012Metric_Pad1.20x1.40mm_HandSolder,10k,smt,True
191.5799,-76.0059,-90.0,top,R14,,R_0805_2012Metric_Pad1.20x1.40mm_HandSolder,10k,smt,True
97.4329,-63.0219,180.0,top,R15,,R_0805_2012Metric_Pad1.20x1.40mm_HandSolder,4.7k,smt,True
109.1579,-63.0219,180.0,top,R16,,R_0805_2012Metric_Pad1.20x1.40mm_HandSolder,4.7k,smt,True
120.1829,-63.0219,180.0,top,R17,,R_0805_2012Metric_Pad1.20x1.40mm_HandSolder,4.7k,smt,True
97.4169,-60.7359,180.0,top,R18,,R_0805_2012Metric_Pad1.20x1.40mm_HandSolder,4.7k,smt,True
109.1579,-60.7359,180.0,top,R19,,R_0805_2012Metric_Pad1.20x1.40mm_HandSolder,4.7k,smt,True
142.3329,-102.9969,0.0,bottom,R2,,R_0805_2012Metric_Pad1.20x1.40mm_HandSolder,10k,smt,True
120.1829,-60.7359,180.0,top,R20,,R_0805_2012Metric_Pad1.20x1.40mm_HandSolder,4.7k,smt,True
97.7829,-78.6219,180.0,bottom,R21,,R_0805_2012Metric_Pad1.20x1.40mm_HandSolder,22R,smt,True
97.7829,-74.2369,180.0,bottom,R22,,R_0805_2012Metric_Pad1.20x1.40mm_HandSolder,22R,smt,True
97.7829,-69.8469,180.0,bottom,R23,,R_0805_2012Metric_Pad1.20x1.40mm_HandSolder,22R,smt,True
144.2579,-53.2719,0.0,top,R24,,R_0805_2012Metric_Pad1.20x1.40mm_HandSolder,0R,smt,True
154.3329,-102.9969,180.0,bottom,R3,,R_0805_2012Metric_Pad1.20x1.40mm_HandSolder,10k,smt,True
131.5829,-78.8844,0.0,bottom,R4,,R_0805_2012Metric_Pad1.20x1.40mm_HandSolder,10k,smt,True
138.4079,-94.5469,-90.0,bottom,R5,,R_0805_2012Metric_Pad1.20x1.40mm_HandSolder,5k1,smt,True
135.8079,-94.5719,-90.0,bottom,R6,,R_0805_2012Metric_Pad1.20x1.40mm_HandSolder,10k,smt,True
176.3399,-73.7359,180.0,top,R7,,R_0805_2012Metric_Pad1.20x1.40mm_HandSolder,10k,smt,True
190.0559,-72.7199,0.0,top,R8,,R_0805_2012Metric_Pad1.20x1.40mm_HandSolder,10k,smt,True
179.6419,-78.8159,-90.0,top,R9,,R_0805_2012Metric_Pad1.20x1.40mm_HandSolder,10k,smt,True
91.2829,-88.9329,180.0,bottom,SW1,,SW_SPST_Omron_B3FS-100xP,SW_Omron_B3FS,smt,True
97.1329,-119.5719,0.0,top,TP1,,Pin_D0.7mm_L6.5mm_W1.8mm_FlatFork,TestPoint,tht,True
206.0079,-54.5719,0.0,top,TP2,,Pin_D0.7mm_L6.5mm_W1.8mm_FlatFork,TestPoint,tht,True
118.5829,-110.1469,0.0,top,TP3,,Pin_D0.7mm_L6.5mm_W1.8mm_FlatFork,TestPoint,tht,True
148.5449,-108.9458,0.0,top,TP4,,Pin_D0.7mm_L6.5mm_W1.8mm_FlatFork,TestPoint,tht,True
123.4579,-110.1469,0.0,top,TP5,,Pin_D0.7mm_L6.5mm_W1.8mm_FlatFork,TestPoint,tht,True
87.3829,-94.5469,0.0,top,TP6,,Pin_D0.7mm_L6.5mm_W1.8mm_FlatFork,TestPoint,tht,True
129.3079,-86.0969,0.0,top,TP_VDD_SDC_1,,Pin_D0.7mm_L6.5mm_W1.8mm_FlatFork,TestPoint,tht,True
102.7359,-115.1138,0.0,top,U1,,TO-220-3_Horizontal_TabDown_GND_Pad,L7805,tht,True
187.0079,-76.0219,0.0,top,U2,,OPA1678_L,OPA1678IDGKT,smt,True
148.1579,-81.8719,0.0,bottom,U3,,BGA_735IGK6_STM,STM32H735IGK6,smt,True
148.4329,-96.4969,0.0,bottom,UFLASH1,,BGA24C100P5X5_600X800X120,MX25LM51245GXDI00,smt,True
162.7829,-81.2719,180.0,bottom,UHYPERRAM1,,TFBGA24_6X8_ISI,IS66WVH16M8DBLL-100B1LI,smt,True
136.9579,-79.5344,-90.0,bottom,X1,,NSC5004_NDK,NSC5004A-25M,smt,True
