﻿pos_x,pos_y,rotation,side,designator,mpn,pack,value,mount_type,place
129.869875,-61.953424,-90.0,top,C1,,C_0805_2012Metric_Pad1.18x1.45mm_HandSolder,100nF,smt,True
136.519857,-68.88033,90.0,top,C2,,C_0805_2012Metric_Pad1.18x1.45mm_HandSolder,100nF,smt,True
142.805502,-73.66,0.0,top,CLK0,,JST_EH_B2B-EH-A_1x02_P2.50mm_Vertical,Conn_01x02_Socket,tht,True
129.04317,-73.727199,0.0,top,CLK1,,JST_EH_B2B-EH-A_1x02_P2.50mm_Vertical,Conn_01x02_Socket,tht,True
114.66243,-73.5256,0.0,top,CLK2,,JST_EH_B2B-EH-A_1x02_P2.50mm_Vertical,Conn_01x02_Socket,tht,True
152.4,-66.04,90.0,top,CTRL,,JST_EH_B3B-EH-A_1x03_P2.50mm_Vertical,Conn_01x03_Socket,tht,True
103.237731,-53.231285,0.0,top,H1,,MountingHole_2.5mm_Pad_TopBottom,MountingHole_Pad,tht,True
155.98951,-52.962486,0.0,top,H2,,MountingHole_2.5mm_Pad_TopBottom,MountingHole_Pad,tht,True
103.036131,-78.027981,0.0,top,H3,,MountingHole_2.5mm_Pad_TopBottom,MountingHole_Pad,tht,True
156.12391,-77.960782,0.0,top,H4,,MountingHole_2.5mm_Pad_TopBottom,MountingHole_Pad,tht,True
103.641676,-64.896857,-90.0,top,SUPPLY,,JST_EH_B2B-EH-A_1x02_P2.50mm_Vertical,Conn_01x02_Socket,tht,True
132.08,-66.04,0.0,top,U1,,MSOP-10_3x3mm_P0.5mm,Si5351A-B-GT,smt,True
126.352029,-66.288274,-90.0,top,Y1,,XTAL_ECS-250-8-30B-CKM,ECS-250-8-30B-CKM,smt,True
