﻿pos_x,pos_y,rotation,side,designator,mpn,pack,value,mount_type,place
153.221248,-99.759225,0.0,top,Band_Select,,JST_EH_B3B-EH-A_1x03_P2.50mm_Vertical,~,tht,True
114.35106,-93.724697,180.0,top,C1,,C_0805_2012Metric_Pad1.18x1.45mm_HandSolder,127pF,smt,True
139.730016,-81.011886,180.0,top,C10,,C_0805_2012Metric_Pad1.18x1.45mm_HandSolder,200pF,smt,True
139.747064,-78.806403,180.0,top,C11,,C_0805_2012Metric_Pad1.18x1.45mm_HandSolder,0pF,smt,True
138.567308,-74.864507,-90.0,top,C12,,C_0805_2012Metric_Pad1.18x1.45mm_HandSolder,0pF,smt,True
140.877997,-74.839926,-90.0,top,C13,,C_0805_2012Metric_Pad1.18x1.45mm_HandSolder,7.99pF,smt,True
139.624681,-58.465303,180.0,top,C14,,C_0805_2012Metric_Pad1.18x1.45mm_HandSolder,200pF,smt,True
139.735299,-60.825156,180.0,top,C15,,C_0805_2012Metric_Pad1.18x1.45mm_HandSolder,0pF,smt,True
139.597879,-55.828939,0.0,top,C16,,C_0805_2012Metric_Pad1.18x1.45mm_HandSolder,60.4pF,smt,True
182.878322,-93.993451,0.0,top,C17,,C_0805_2012Metric_Pad1.18x1.45mm_HandSolder,18.5pF,smt,True
182.88757,-81.494157,0.0,top,C18,,C_0805_2012Metric_Pad1.18x1.45mm_HandSolder,47.3pF,smt,True
182.883354,-79.171177,0.0,top,C19,,C_0805_2012Metric_Pad1.18x1.45mm_HandSolder,0pF,smt,True
114.590636,-80.840531,180.0,top,C2,,C_0805_2012Metric_Pad1.18x1.45mm_HandSolder,90.7pF,smt,True
184.108806,-75.251596,-90.0,top,C20,,C_0805_2012Metric_Pad1.18x1.45mm_HandSolder,0pF,smt,True
181.675208,-75.251596,-90.0,top,C21,,C_0805_2012Metric_Pad1.18x1.45mm_HandSolder,1.51pF,smt,True
182.888408,-61.01043,180.0,top,C22,,C_0805_2012Metric_Pad1.18x1.45mm_HandSolder,47.3pF,smt,True
182.878322,-58.579699,180.0,top,C23,,C_0805_2012Metric_Pad1.18x1.45mm_HandSolder,0pF,smt,True
182.955104,-55.736312,180.0,top,C24,,C_0805_2012Metric_Pad1.18x1.45mm_HandSolder,18.5pF,smt,True
114.601743,-78.478636,180.0,top,C3,,C_0805_2012Metric_Pad1.18x1.45mm_HandSolder,0pF,smt,True
115.843108,-74.590932,-90.0,top,C4,,C_0805_2012Metric_Pad1.18x1.45mm_HandSolder,0pF,smt,True
113.373219,-74.599086,-90.0,top,C5,,C_0805_2012Metric_Pad1.18x1.45mm_HandSolder,18pF,smt,True
114.389473,-60.918805,180.0,top,C6,,C_0805_2012Metric_Pad1.18x1.45mm_HandSolder,90.7pF,smt,True
114.335289,-58.631806,180.0,top,C7,,C_0805_2012Metric_Pad1.18x1.45mm_HandSolder,0pF,smt,True
114.28487,-55.775774,0.0,top,C8,,C_0805_2012Metric_Pad1.18x1.45mm_HandSolder,127pF,smt,True
139.559842,-93.660613,180.0,top,C9,,C_0805_2012Metric_Pad1.18x1.45mm_HandSolder,60.4pF,smt,True
182.851615,-97.630306,-90.0,top,D20,,LED_0805_2012Metric_Pad1.15x1.40mm_HandSolder,LED,smt,True
139.497435,-97.611403,-90.0,top,D40,,LED_0805_2012Metric_Pad1.15x1.40mm_HandSolder,LED,smt,True
114.470201,-97.617282,-90.0,top,D80,,LED_0805_2012Metric_Pad1.15x1.40mm_HandSolder,LED,smt,True
103.462786,-53.134966,0.0,top,H1,,MountingHole_2.5mm_Pad_TopBottom,MountingHole_Pad,tht,True
196.184044,-53.037977,0.0,top,H2,,MountingHole_2.5mm_Pad_TopBottom,MountingHole_Pad,tht,True
103.559775,-100.562471,0.0,top,H3,,MountingHole_2.5mm_Pad_TopBottom,MountingHole_Pad,tht,True
196.184044,-101.43537,0.0,top,H4,,MountingHole_2.5mm_Pad_TopBottom,MountingHole_Pad,tht,True
114.3,-90.92,180.0,top,L1,,L_Toroid_Vertical_L19.1mm_W8.1mm_P7.10mm_Bourns_5700,8.23uH,tht,True
114.339845,-70.806996,180.0,top,L2,,L_Toroid_Vertical_L19.1mm_W8.1mm_P7.10mm_Bourns_5700,8.23uH,tht,True
139.495758,-90.92296,180.0,top,L3,,L_Toroid_Vertical_L19.1mm_W8.1mm_P7.10mm_Bourns_5700,1.88uH,tht,True
139.75531,-71.12,180.0,top,L4,,L_Toroid_Vertical_L19.1mm_W8.1mm_P7.10mm_Bourns_5700,1.88uH,tht,True
182.828907,-91.44,180.0,top,L5,,L_Toroid_Vertical_L19.1mm_W8.1mm_P7.10mm_Bourns_5700,1.88uH,tht,True
182.88,-71.158446,180.0,top,L6,,L_Toroid_Vertical_L19.1mm_W8.1mm_P7.10mm_Bourns_5700,1.88uH,tht,True
177.949808,-97.630306,90.0,top,R1,,R_0805_2012Metric_Pad1.20x1.40mm_HandSolder,470R,smt,True
144.220406,-97.774784,90.0,top,R2,,R_0805_2012Metric_Pad1.20x1.40mm_HandSolder,470R,smt,True
119.38,-97.52,90.0,top,R3,,R_0805_2012Metric_Pad1.20x1.40mm_HandSolder,470R,smt,True
164.058052,-86.091335,-90.0,top,RF_In,,PinHeader_1x02_P2.54mm_Vertical,~,tht,True
164.197348,-72.048738,-90.0,top,RF_Out,,PinHeader_1x02_P2.54mm_Vertical,~,tht,True
165.563761,-99.747648,0.0,top,Supp_BandPass,,JST_EH_B3B-EH-A_1x03_P2.50mm_Vertical,~,tht,True
147.538806,-97.637548,90.0,top,U1,,SOP50P310X90-8N,SN74LVC1G139DCUT,smt,True
162.94735,-79.065001,180.0,top,U2,,TSSOP16_5P1X4P5_NEX,74HC4052PW_118,smt,True
