﻿designator,quantity,value,pack,mpn,mount_type
"Band_Select, Supp_BandPass",2,~,JST_EH_B3B-EH-A_1x03_P2.50mm_Vertical,,tht
"C1, C8",2,127pF,C_0805_2012Metric_Pad1.18x1.45mm_HandSolder,,smt
"C10, C14",2,200pF,C_0805_2012Metric_Pad1.18x1.45mm_HandSolder,,smt
"C11, C12, C15, C19, C20, C23, C3, C4, C7",9,0pF,C_0805_2012Metric_Pad1.18x1.45mm_HandSolder,,smt
C13,1,7.99pF,C_0805_2012Metric_Pad1.18x1.45mm_HandSolder,,smt
"C16, C9",2,60.4pF,C_0805_2012Metric_Pad1.18x1.45mm_HandSolder,,smt
"C17, C24",2,18.5pF,C_0805_2012Metric_Pad1.18x1.45mm_HandSolder,,smt
"C18, C22",2,47.3pF,C_0805_2012Metric_Pad1.18x1.45mm_HandSolder,,smt
"C2, C6",2,90.7pF,C_0805_2012Metric_Pad1.18x1.45mm_HandSolder,,smt
C21,1,1.51pF,C_0805_2012Metric_Pad1.18x1.45mm_HandSolder,,smt
C5,1,18pF,C_0805_2012Metric_Pad1.18x1.45mm_HandSolder,,smt
"D20, D40, D80",3,LED,LED_0805_2012Metric_Pad1.15x1.40mm_HandSolder,,smt
"H1, H2, H3, H4",4,MountingHole_Pad,MountingHole_2.5mm_Pad_TopBottom,,tht
"L1, L2",2,8.23uH,L_Toroid_Vertical_L19.1mm_W8.1mm_P7.10mm_Bourns_5700,,tht
"L3, L4, L5, L6",4,1.88uH,L_Toroid_Vertical_L19.1mm_W8.1mm_P7.10mm_Bourns_5700,,tht
"R1, R2, R3",3,470R,R_0805_2012Metric_Pad1.20x1.40mm_HandSolder,,smt
"RF_In, RF_Out",2,~,PinHeader_1x02_P2.54mm_Vertical,,tht
U1,1,SN74LVC1G139DCUT,SOP50P310X90-8N,,smt
U2,1,74HC4052PW_118,TSSOP16_5P1X4P5_NEX,,smt
