﻿pos_x,pos_y,rotation,side,designator,mpn,pack,value,mount_type,place
147.547548,-56.842796,90.0,top,12V,,PinHeader_1x02_P1.00mm_Vertical_SMD,Conn_01x02_Socket,smt,True
151.626635,-103.28708,-90.0,top,BS_IN,,PinHeader_1x03_P1.00mm_Vertical_SMD,Conn_01x03_Socket,smt,True
117.732077,-65.035927,-90.0,top,C1,,C_0805_2012Metric_Pad1.18x1.45mm_HandSolder,1.2nF,smt,True
191.271721,-92.153568,180.0,top,C10,,C_0805_2012Metric_Pad1.18x1.45mm_HandSolder,100nF,smt,True
155.059825,-65.848783,90.0,top,C11,,C_0805_2012Metric_Pad1.18x1.45mm_HandSolder,100nF,smt,True
175.592342,-98.077567,180.0,top,C12,,C_0805_2012Metric_Pad1.18x1.45mm_HandSolder,100nF,smt,True
167.536987,-65.384925,90.0,top,C13,,C_0805_2012Metric_Pad1.18x1.45mm_HandSolder,100nF,smt,True
168.198768,-94.151591,90.0,top,C14,,C_2220_5750Metric_Pad1.97x5.40mm_HandSolder,220pF,smt,True
156.849121,-89.916743,180.0,top,C15,,C_0805_2012Metric_Pad1.18x1.45mm_HandSolder,100nF,smt,True
156.852011,-92.178796,180.0,top,C16,,C_0805_2012Metric_Pad1.18x1.45mm_HandSolder,100nF,smt,True
155.027151,-60.116686,90.0,top,C17,,C_0805_2012Metric_Pad1.18x1.45mm_HandSolder,100nF,smt,True
152.741151,-60.138186,90.0,top,C18,,C_0805_2012Metric_Pad1.18x1.45mm_HandSolder,1uF,smt,True
117.67741,-82.155841,-90.0,top,C2,,C_0805_2012Metric_Pad1.18x1.45mm_HandSolder,560pF,smt,True
117.49679,-99.490364,-90.0,top,C3,,C_0805_2012Metric_Pad1.18x1.45mm_HandSolder,330pF,smt,True
131.768127,-64.9864,-90.0,top,C4,,C_0805_2012Metric_Pad1.18x1.45mm_HandSolder,470pF,smt,True
127.762,-75.438,180.0,top,C5,,C_0805_2012Metric_Pad1.18x1.45mm_HandSolder,220pF,smt,True
127.762,-92.7315,180.0,top,C6,,C_0805_2012Metric_Pad1.18x1.45mm_HandSolder,120pF,smt,True
185.149009,-72.831776,-90.0,top,C7,,C_0805_2012Metric_Pad1.18x1.45mm_HandSolder,100nF,smt,True
191.328736,-72.80769,-90.0,top,C8,,C_0805_2012Metric_Pad1.18x1.45mm_HandSolder,100nF,smt,True
181.390289,-57.955046,-90.0,top,C9,,C_0805_2012Metric_Pad1.18x1.45mm_HandSolder,100nF,smt,True
139.984732,-76.977669,180.0,top,D1,,D_SOD-123,BAV16W,smt,True
139.865718,-98.28523,180.0,top,D2,,D_SOD-123,BAV16W,smt,True
164.974487,-65.40598,-90.0,top,D3,,D_SOD-123,4.3V,smt,True
101.99937,-57.073128,0.0,top,H1,,MountingHole_2.7mm_M2.5_DIN965_Pad_TopBottom,MountingHole_Pad,tht,True
195.50716,-57.199883,0.0,top,H2,,MountingHole_2.7mm_M2.5_DIN965_Pad_TopBottom,MountingHole_Pad,tht,True
102.061472,-105.618043,0.0,top,H3,,MountingHole_2.7mm_M2.5_DIN965_Pad_TopBottom,MountingHole_Pad,tht,True
195.520178,-105.606007,0.0,top,H4,,MountingHole_2.7mm_M2.5_DIN965_Pad_TopBottom,MountingHole_Pad,tht,True
175.648949,-93.322612,0.0,top,H5,,MountingHole_2.7mm_M2.5_DIN965_Pad_TopBottom,MountingHole_Pad,tht,True
175.573473,-74.464064,0.0,top,H6,,MountingHole_2.7mm_M2.5_DIN965_Pad_TopBottom,MountingHole_Pad,tht,True
170.599858,-75.432862,90.0,top,JP1,,SolderJumper-2_P1.3mm_Open_Pad1.0x1.5mm,SolderJumper_2_Open,tht,True
160.274,-90.17,-90.0,top,JP2,,SolderJumper-2_P1.3mm_Open_Pad1.0x1.5mm,SolderJumper_2_Open,tht,True
139.810014,-69.760972,180.0,top,K1,,G6K-2F-Y DC3_OMR,G6K-2F-Y DC3,smt,True
139.512273,-91.076042,180.0,top,K2,,G6K-2F-Y DC3_OMR,G6K-2F-Y DC3,smt,True
106.749969,-64.208406,90.0,top,L1,,L_Toroid_Vertical_L16.3mm_W7.1mm_P7.11mm_SMD,2.7uH,tht,True
162.009985,-81.581459,0.0,top,L10,,IND_SRF1260-1R0Y,SRF1260-1R0Y,smt,True
106.749969,-81.422412,90.0,top,L2,,L_Toroid_Vertical_L16.3mm_W7.1mm_P7.11mm_SMD,1.2uH,tht,True
106.749969,-98.636419,90.0,top,L3,,L_Toroid_Vertical_L16.3mm_W7.1mm_P7.11mm_SMD,0.68uH,tht,True
121.294121,-64.197457,90.0,top,L4,,L_Toroid_Vertical_L16.3mm_W7.1mm_P7.11mm_SMD,2.7uH,tht,True
121.294121,-81.411463,90.0,top,L5,,L_Toroid_Vertical_L16.3mm_W7.1mm_P7.11mm_SMD,1.5uH,tht,True
121.294121,-98.62547,90.0,top,L6,,L_Toroid_Vertical_L16.3mm_W7.1mm_P7.11mm_SMD,0.68uH,tht,True
175.768,-66.548,-90.0,top,L7,,L_0805_2012Metric_Pad1.15x1.40mm_HandSolder,2 x 100uH / 140mA each,smt,True
173.228,-66.548,-90.0,top,L8,,L_0805_2012Metric_Pad1.15x1.40mm_HandSolder,30uH / 200mA,smt,True
182.688227,-92.786712,180.0,top,L9,,INDC2624X203N,47nH,smt,True
161.52,-104.14,-90.0,top,PWR_OUT,,PinHeader_1x02_P1.00mm_Vertical_SMD,Conn_01x02_Socket,smt,True
140.074728,-81.41172,0.0,top,Q1,,SOT-23,2N2222,smt,True
139.644236,-102.337924,0.0,top,Q2,,SOT-23,2N2222,smt,True
175.528971,-83.844515,180.0,top,Q3,,BLP9LA25SGZ_SOT1483-1_TO270,BLP9LA25SGZ,smt,True
188.22538,-71.902219,0.0,top,R1,,R_0805_2012Metric_Pad1.20x1.40mm_HandSolder,100R ,smt,True
149.858,-89.916,180.0,top,R10,,R_2512_6332Metric_Pad1.40x3.35mm_HandSolder,0R 1W,smt,True
136.073866,-77.681354,90.0,top,R2,,R_0805_2012Metric_Pad1.20x1.40mm_HandSolder,1k,smt,True
135.889759,-99.06014,90.0,top,R3,,R_0805_2012Metric_Pad1.20x1.40mm_HandSolder,1k,smt,True
176.7922,-60.036502,-90.0,top,R4,,R_2512_6332Metric_Pad1.40x3.35mm_HandSolder,2x 100R / 1W,smt,True
172.124956,-60.020157,-90.0,top,R5,,R_2512_6332Metric_Pad1.40x3.35mm_HandSolder,100R 1W,smt,True
155.981643,-70.126762,0.0,top,R6,,R_0805_2012Metric_Pad1.20x1.40mm_HandSolder,1k,smt,True
187.025341,-92.142056,180.0,top,R7,,R_0805_2012Metric_Pad1.20x1.40mm_HandSolder,47R,smt,True
184.479579,-97.058648,180.0,top,R8,,R_2512_6332Metric_Pad1.40x3.35mm_HandSolder,470R 1W,smt,True
164.846,-60.452,-90.0,top,R9,,R_0805_2012Metric_Pad1.20x1.40mm_HandSolder,1k,smt,True
188.591804,-56.825825,-90.0,top,RF_IN,,PinHeader_1x02_P1.00mm_Vertical_SMD,Conn_01x02_Socket,smt,True
159.68554,-64.372728,180.0,top,S1,,SM3TW103,SM-3TW103,smt,True
188.171408,-65.398665,0.0,top,T1,,ADT151,ADT1.5-1+,smt,True
188.222036,-85.89061,180.0,top,T2,,ADT151,ADT1.5-1+,smt,True
187.011023,-77.602655,0.0,top,U1,,SOT-89-3,GALI-74,smt,True
193.190749,-77.602655,0.0,top,U2,,SOT-89-3,GALI-74,smt,True
