﻿designator,quantity,value,pack,mpn,mount_type
"12V, PWR_OUT, RF_IN",3,Conn_01x02_Socket,PinHeader_1x02_P1.00mm_Vertical_SMD,,smt
BS_IN,1,Conn_01x03_Socket,PinHeader_1x03_P1.00mm_Vertical_SMD,,smt
C1,1,1.2nF,C_0805_2012Metric_Pad1.18x1.45mm_HandSolder,,smt
"C10, C11, C12, C13, C15, C16, C17, C7, C8, C9",10,100nF,C_0805_2012Metric_Pad1.18x1.45mm_HandSolder,,smt
C14,1,220pF,C_2220_5750Metric_Pad1.97x5.40mm_HandSolder,,smt
C18,1,1uF,C_0805_2012Metric_Pad1.18x1.45mm_HandSolder,,smt
C2,1,560pF,C_0805_2012Metric_Pad1.18x1.45mm_HandSolder,,smt
C3,1,330pF,C_0805_2012Metric_Pad1.18x1.45mm_HandSolder,,smt
C4,1,470pF,C_0805_2012Metric_Pad1.18x1.45mm_HandSolder,,smt
C5,1,220pF,C_0805_2012Metric_Pad1.18x1.45mm_HandSolder,,smt
C6,1,120pF,C_0805_2012Metric_Pad1.18x1.45mm_HandSolder,,smt
"D1, D2",2,BAV16W,D_SOD-123,,smt
D3,1,4.3V,D_SOD-123,,smt
"H1, H2, H3, H4, H5, H6",6,MountingHole_Pad,MountingHole_2.7mm_M2.5_DIN965_Pad_TopBottom,,tht
"JP1, JP2",2,SolderJumper_2_Open,SolderJumper-2_P1.3mm_Open_Pad1.0x1.5mm,,tht
"K1, K2",2,G6K-2F-Y DC3,G6K-2F-Y DC3_OMR,,smt
"L1, L4",2,2.7uH,L_Toroid_Vertical_L16.3mm_W7.1mm_P7.11mm_SMD,,tht
L10,1,SRF1260-1R0Y,IND_SRF1260-1R0Y,,smt
L2,1,1.2uH,L_Toroid_Vertical_L16.3mm_W7.1mm_P7.11mm_SMD,,tht
"L3, L6",2,0.68uH,L_Toroid_Vertical_L16.3mm_W7.1mm_P7.11mm_SMD,,tht
L5,1,1.5uH,L_Toroid_Vertical_L16.3mm_W7.1mm_P7.11mm_SMD,,tht
L7,1,2 x 100uH / 140mA each,L_0805_2012Metric_Pad1.15x1.40mm_HandSolder,,smt
L8,1,30uH / 200mA,L_0805_2012Metric_Pad1.15x1.40mm_HandSolder,,smt
L9,1,47nH,INDC2624X203N,,smt
"Q1, Q2",2,2N2222,SOT-23,,smt
Q3,1,BLP9LA25SGZ,BLP9LA25SGZ_SOT1483-1_TO270,,smt
R1,1,100R ,R_0805_2012Metric_Pad1.20x1.40mm_HandSolder,,smt
R10,1,0R 1W,R_2512_6332Metric_Pad1.40x3.35mm_HandSolder,,smt
"R2, R3, R6, R9",4,1k,R_0805_2012Metric_Pad1.20x1.40mm_HandSolder,,smt
R4,1,2x 100R / 1W,R_2512_6332Metric_Pad1.40x3.35mm_HandSolder,,smt
R5,1,100R 1W,R_2512_6332Metric_Pad1.40x3.35mm_HandSolder,,smt
R7,1,47R,R_0805_2012Metric_Pad1.20x1.40mm_HandSolder,,smt
R8,1,470R 1W,R_2512_6332Metric_Pad1.40x3.35mm_HandSolder,,smt
S1,1,SM-3TW103,SM3TW103,,smt
"T1, T2",2,ADT1.5-1+,ADT151,,smt
"U1, U2",2,GALI-74,SOT-89-3,,smt
