﻿designator,quantity,value,pack,mpn,mount_type
"C1, C12, C4, C9",4,100nF,C_0603_1608Metric_Pad1.08x0.95mm_HandSolder,,smt
"C10, C11, C2, C3, C5, C6, C7",7,100nF,C_0805_2012Metric_Pad1.18x1.45mm_HandSolder,,smt
"C13, C14, C15, C16",4,47nF,C_0805_2012Metric_Pad1.18x1.45mm_HandSolder,,smt
C17,1,10uF,C_0805_2012Metric_Pad1.18x1.45mm_HandSolder,,smt
"C18, C19, C20, C21, C24, C25, C8",7,1uF,C_0805_2012Metric_Pad1.18x1.45mm_HandSolder,,smt
"C22, C23",2,1.5nF,C_0805_2012Metric_Pad1.18x1.45mm_HandSolder,,smt
"Clock_In, Supply",2,Conn_01x02_Socket,JST_EH_B2B-EH-A_1x02_P2.50mm_Vertical,,tht
D1,1,1N4148W,D_SOD-123,,smt
"H1, H2, H3, H4",4,MountingHole_Pad,MountingHole_2.7mm_M2.5_DIN965_Pad_TopBottom,,tht
IC1,1,FST3253MTCX,SOP65P640X110-16N,,smt
IQ_Balance1,1,Conn_01x03,PinHeader_1x03_P1.00mm_Vertical,,tht
"I_In_Tx, Q_In_Tx",2,Conn_01x02,JST_EH_B2B-EH-A_1x02_P2.50mm_Vertical,,tht
"I_Out_Rx, J1, Q_Out_Rx",3,Conn_01x04_Socket,JST_EH_B4B-EH-A_1x04_P2.50mm_Vertical,,tht
"JP1, JP2",2,SolderJumper_3_Open,SolderJumper-3_P1.3mm_Open_Pad1.0x1.5mm_NumberLabels,,tht
K1,1,G6K-2F-Y DC3,G6K-2F-Y DC3_OMR,,smt
"L1, L2, L3",3,100u,L_0805_2012Metric_Pad1.15x1.40mm_HandSolder,,smt
R1,1,0R,R_0805_2012Metric_Pad1.20x1.40mm_HandSolder,,smt
"R10, R11, R12, R13, R14, R15, R16, R17, R18, R19, R20, R9",12,10k 1%,R_0805_2012Metric_Pad1.20x1.40mm_HandSolder,,smt
"R2, R3",2,10k,R_0805_2012Metric_Pad1.20x1.40mm_HandSolder,,smt
R4,1,47R,R_0805_2012Metric_Pad1.20x1.40mm_HandSolder,,smt
"R5, R8",2,100R,R_0603_1608Metric_Pad0.98x0.95mm_HandSolder,,smt
"R6, R7",2,1k,R_0805_2012Metric_Pad1.20x1.40mm_HandSolder,,smt
"RF_In, RF_Out",2,Conn_01x02,PinHeader_1x02_P2.54mm_Vertical,,tht
"Tx, TxN",2,TestPoint,Pin_D0.7mm_L6.5mm_W1.8mm_FlatFork,,tht
U1,1,BGA420H6327XTSA1,PG-SOT343-4-1_INF,,smt
"U2, U3, U4",3,OPA1678IDGKT,OPA1678_L,,smt
U5,1,SN74AC74PWR,74AC74-L,,smt
"U6, U7",2,4053,TSSOP16_5P1X4P5_NEX,,smt
U8,1,NC7SZ04P5X,SC-88A-5_1P35X2P2_ONS,,smt
