﻿designator,quantity,value,pack,mpn,mount_type
"C1, C11, C2, C3, C4, C5, C6",7,100nF,C_0805_2012Metric_Pad1.18x1.45mm_HandSolder,,smt
"C10, C7, C8, C9",4,47nF,C_0805_2012Metric_Pad1.18x1.45mm_HandSolder,,smt
"C12, C13, C14, C15, C18, C19",6,1uF,C_0805_2012Metric_Pad1.18x1.45mm_HandSolder,,smt
"C16, C17",2,1.5nF,C_0805_2012Metric_Pad1.18x1.45mm_HandSolder,,smt
D1,1,1N4148W,D_SOD-123,,smt
"H1, H2, H3, H4",4,MountingHole_Pad,MountingHole_2.7mm_M2.5_DIN965_Pad_TopBottom,,tht
IC1,1,FST3253MTCX,SOP65P640X110-16N,,smt
IQ_Balance,1,Conn_01x03,PinHeader_1x03_P1.00mm_Vertical,,tht
IQ_Clk,1,Conn_01x04_Socket,PinHeader_1x04_P2.54mm_Vertical,,tht
"I_In_Tx, Q_In_Tx",2,Conn_01x02,JST_EH_B2B-EH-A_1x02_P2.50mm_Vertical,,tht
"I_Out_Rx, Q_Out_Rx",2,Conn_01x04_Socket,JST_EH_B4B-EH-A_1x04_P2.50mm_Vertical,,tht
K1,1,G6K-2F-Y DC3,G6K-2F-Y DC3_OMR,,smt
"L1, L2",2,100u,L_0805_2012Metric_Pad1.15x1.40mm_HandSolder,,smt
R1,1,0R,R_0805_2012Metric_Pad1.20x1.40mm_HandSolder,,smt
"R10, R11, R12, R13, R14, R15, R16, R17, R18, R7, R8, R9",12,10k 1%,R_0805_2012Metric_Pad1.20x1.40mm_HandSolder,,smt
"R2, R3",2,10k,R_0805_2012Metric_Pad1.20x1.40mm_HandSolder,,smt
R4,1,47R,R_0805_2012Metric_Pad1.20x1.40mm_HandSolder,,smt
"R5, R6",2,1k,R_0805_2012Metric_Pad1.20x1.40mm_HandSolder,,smt
"RF_In, RF_Out",2,Conn_01x02,PinHeader_1x02_P2.54mm_Vertical,,tht
Supply,1,Conn_01x02_Socket,JST_EH_B2B-EH-A_1x02_P2.50mm_Vertical,,tht
Tx,1,Conn_01x05_Socket,JST_EH_B5B-EH-A_1x05_P2.50mm_Vertical,,tht
"Tx1, TxN",2,TestPoint,Pin_D0.7mm_L6.5mm_W1.8mm_FlatFork,,tht
"U1, U2, U3",3,OPA1678IDGKT,OPA1678_L,,smt
U4,1,NC7SZ04P5X,SC-88A-5_1P35X2P2_ONS,,smt
"U5, U6",2,4053,TSSOP16_5P1X4P5_NEX,,smt
