﻿pos_x,pos_y,rotation,side,designator,mpn,pack,value,mount_type,place
101.6048,-72.4916,-90.0,top,C1,,C_0805_2012Metric_Pad1.18x1.45mm_HandSolder,100nF,smt,True
110.077,-59.4242,-90.0,top,C10,,C_0805_2012Metric_Pad1.18x1.45mm_HandSolder,47nF,smt,True
142.6901,-78.0151,-90.0,top,C11,,C_0805_2012Metric_Pad1.18x1.45mm_HandSolder,100nF,smt,True
115.5848,-62.7243,180.0,top,C12,,C_0805_2012Metric_Pad1.18x1.45mm_HandSolder,1uF,smt,True
108.2515,-56.3,180.0,top,C13,,C_0805_2012Metric_Pad1.18x1.45mm_HandSolder,1uF,smt,True
116.6865,-56.2678,180.0,top,C14,,C_0805_2012Metric_Pad1.18x1.45mm_HandSolder,1uF,smt,True
112.4561,-56.2678,180.0,top,C15,,C_0805_2012Metric_Pad1.18x1.45mm_HandSolder,1uF,smt,True
125.2135,-53.7231,-90.0,top,C16,,C_0805_2012Metric_Pad1.18x1.45mm_HandSolder,1.5nF,smt,True
136.9337,-57.4346,-90.0,top,C17,,C_0805_2012Metric_Pad1.18x1.45mm_HandSolder,1.5nF,smt,True
156.1952,-63.6758,180.0,top,C18,,C_0805_2012Metric_Pad1.18x1.45mm_HandSolder,1uF,smt,True
150.1333,-63.6526,180.0,top,C19,,C_0805_2012Metric_Pad1.18x1.45mm_HandSolder,1uF,smt,True
133.444,-52.399,0.0,top,C2,,C_0805_2012Metric_Pad1.18x1.45mm_HandSolder,100nF,smt,True
109.6245,-72.6273,90.0,top,C3,,C_0805_2012Metric_Pad1.18x1.45mm_HandSolder,100nF,smt,True
133.5825,-66.8256,0.0,top,C4,,C_0805_2012Metric_Pad1.18x1.45mm_HandSolder,100nF,smt,True
133.4668,-60.9228,0.0,top,C5,,C_0805_2012Metric_Pad1.18x1.45mm_HandSolder,100nF,smt,True
138.8253,-76.7656,180.0,top,C6,,C_0805_2012Metric_Pad1.18x1.45mm_HandSolder,100nF,smt,True
115.3921,-59.4169,-90.0,top,C7,,C_0805_2012Metric_Pad1.18x1.45mm_HandSolder,47nF,smt,True
107.3617,-59.4361,-90.0,top,C8,,C_0805_2012Metric_Pad1.18x1.45mm_HandSolder,47nF,smt,True
112.6997,-59.413,-90.0,top,C9,,C_0805_2012Metric_Pad1.18x1.45mm_HandSolder,47nF,smt,True
109.9914,-71.7279,0.0,bottom,D1,,D_SOD-123,1N4148W,smt,True
102.8446,-52.8,0.0,top,H1,,MountingHole_2.7mm_M2.5_DIN965_Pad_TopBottom,MountingHole_Pad,tht,True
156.0918,-52.8184,0.0,top,H2,,MountingHole_2.7mm_M2.5_DIN965_Pad_TopBottom,MountingHole_Pad,tht,True
102.8954,-77.522,0.0,top,H3,,MountingHole_2.7mm_M2.5_DIN965_Pad_TopBottom,MountingHole_Pad,tht,True
156.2491,-77.522,0.0,top,H4,,MountingHole_2.7mm_M2.5_DIN965_Pad_TopBottom,MountingHole_Pad,tht,True
109.47,-65.5562,90.0,top,IC1,,SOP65P640X110-16N,FST3253MTCX,smt,True
115.7148,-65.1796,0.0,top,IQ_Balance,,PinHeader_1x03_P1.00mm_Vertical,Conn_01x03,tht,True
107.8145,-77.7635,90.0,top,IQ_Clk,,PinHeader_1x04_P2.54mm_Vertical,Conn_01x04_Socket,tht,True
155.8692,-70.4029,90.0,top,I_In_Tx,,JST_EH_B2B-EH-A_1x02_P2.50mm_Vertical,Conn_01x02,tht,True
142.152,-52.3485,0.0,top,I_Out_Rx,,JST_EH_B4B-EH-A_1x04_P2.50mm_Vertical,Conn_01x04_Socket,tht,True
109.7304,-64.937,0.0,bottom,K1,,G6K-2F-Y DC3_OMR,G6K-2F-Y DC3,smt,True
107.3322,-72.6222,90.0,top,L1,,L_0805_2012Metric_Pad1.15x1.40mm_HandSolder,100u,smt,True
105.418056,-63.518091,90.0,top,L2,,L_0805_2012Metric_Pad1.15x1.40mm_HandSolder,100u,smt,True
149.86,-70.3671,90.0,top,Q_In_Tx,,JST_EH_B2B-EH-A_1x02_P2.50mm_Vertical,Conn_01x02,tht,True
142.1911,-57.9108,0.0,top,Q_Out_Rx,,JST_EH_B4B-EH-A_1x04_P2.50mm_Vertical,Conn_01x04_Socket,tht,True
109.9878,-74.0813,0.0,bottom,R1,,R_0805_2012Metric_Pad1.20x1.40mm_HandSolder,0R,smt,True
133.4898,-58.6163,180.0,top,R10,,R_0805_2012Metric_Pad1.20x1.40mm_HandSolder,10k 1%,smt,True
139.109,-66.6934,0.0,top,R11,,R_0805_2012Metric_Pad1.20x1.40mm_HandSolder,10k 1%,smt,True
139.1673,-71.8019,0.0,top,R12,,R_0805_2012Metric_Pad1.20x1.40mm_HandSolder,10k 1%,smt,True
127.3727,-53.7678,90.0,top,R13,,R_0805_2012Metric_Pad1.20x1.40mm_HandSolder,10k 1%,smt,True
136.8173,-52.4991,90.0,top,R14,,R_0805_2012Metric_Pad1.20x1.40mm_HandSolder,10k 1%,smt,True
142.9686,-64.4792,0.0,top,R15,,R_0805_2012Metric_Pad1.20x1.40mm_HandSolder,10k 1%,smt,True
143.0269,-69.5846,0.0,top,R16,,R_0805_2012Metric_Pad1.20x1.40mm_HandSolder,10k 1%,smt,True
142.9686,-62.3429,0.0,top,R17,,R_0805_2012Metric_Pad1.20x1.40mm_HandSolder,10k 1%,smt,True
143.0269,-71.8019,0.0,top,R18,,R_0805_2012Metric_Pad1.20x1.40mm_HandSolder,10k 1%,smt,True
113.9003,-72.6065,-90.0,top,R2,,R_0805_2012Metric_Pad1.20x1.40mm_HandSolder,10k,smt,True
111.7405,-72.5967,-90.0,top,R3,,R_0805_2012Metric_Pad1.20x1.40mm_HandSolder,10k,smt,True
103.866,-72.4916,90.0,top,R4,,R_0805_2012Metric_Pad1.20x1.40mm_HandSolder,47R,smt,True
138.8507,-78.9552,0.0,top,R5,,R_0805_2012Metric_Pad1.20x1.40mm_HandSolder,1k,smt,True
138.7814,-74.6014,0.0,top,R6,,R_0805_2012Metric_Pad1.20x1.40mm_HandSolder,1k,smt,True
139.109,-64.4743,0.0,top,R7,,R_0805_2012Metric_Pad1.20x1.40mm_HandSolder,10k 1%,smt,True
139.1673,-69.5827,0.0,top,R8,,R_0805_2012Metric_Pad1.20x1.40mm_HandSolder,10k 1%,smt,True
126.257,-56.7384,180.0,top,R9,,R_0805_2012Metric_Pad1.20x1.40mm_HandSolder,10k 1%,smt,True
102.4697,-64.654,0.0,top,RF_In,,PinHeader_1x02_P2.54mm_Vertical,Conn_01x02,tht,True
102.4375,-57.7799,0.0,top,RF_Out,,PinHeader_1x02_P2.54mm_Vertical,Conn_01x02,tht,True
147.6123,-77.44,0.0,top,Supply,,JST_EH_B2B-EH-A_1x02_P2.50mm_Vertical,Conn_01x02_Socket,tht,True
121.8875,-77.2752,0.0,top,Tx,,JST_EH_B5B-EH-A_1x05_P2.50mm_Vertical,Conn_01x05_Socket,tht,True
127.8557,-73.66,0.0,top,Tx1,,Pin_D0.7mm_L6.5mm_W1.8mm_FlatFork,TestPoint,tht,True
130.9893,-73.66,0.0,top,TxN,,Pin_D0.7mm_L6.5mm_W1.8mm_FlatFork,TestPoint,tht,True
132.5323,-55.5655,0.0,top,U1,,OPA1678_L,OPA1678IDGKT,smt,True
132.725,-63.8529,0.0,top,U2,,OPA1678_L,OPA1678IDGKT,smt,True
132.8624,-69.9174,0.0,top,U3,,OPA1678_L,OPA1678IDGKT,smt,True
122.7091,-73.5684,0.0,top,U4,,SC-88A-5_1P35X2P2_ONS,NC7SZ04P5X,smt,True
123.3868,-61.789,0.0,top,U5,,TSSOP16_5P1X4P5_NEX,4053,smt,True
123.3891,-68.4127,0.0,top,U6,,TSSOP16_5P1X4P5_NEX,4053,smt,True
