﻿pos_x,pos_y,rotation,side,designator,mpn,pack,value,mount_type,place
72.39,-119.024,90.0,top,C1,,CP_EIA-7343-30_AVX-N_Pad2.25x2.55mm_HandSolder,47uF Tant. 25V,smt,True
109.474,-112.522,0.0,bottom,C10,,C_0805_2012Metric_Pad1.18x1.45mm_HandSolder,100nF,smt,True
121.412,-99.06,180.0,bottom,C11,,C_0805_2012Metric_Pad1.18x1.45mm_HandSolder,100nF,smt,True
95.25,-112.014,90.0,bottom,C12,,C_0805_2012Metric_Pad1.18x1.45mm_HandSolder,100nF,smt,True
119.888,-123.19,90.0,top,C13,,CP_EIA-7343-30_AVX-N_Pad2.25x2.55mm_HandSolder,100uF Tant. 25V,smt,True
102.87,-105.41,180.0,bottom,C14,,C_0805_2012Metric_Pad1.18x1.45mm_HandSolder,100nF,smt,True
84.582,-130.302,0.0,top,C15,,C_0805_2012Metric_Pad1.18x1.45mm_HandSolder,1uF,smt,True
127.508,-99.06,180.0,bottom,C16,,C_0805_2012Metric_Pad1.18x1.45mm_HandSolder,100nF,smt,True
97.9566,-130.6772,-90.0,top,C17,,C_0805_2012Metric_Pad1.18x1.45mm_HandSolder,100nF,smt,True
100.8519,-94.1967,0.0,top,C18,,C_0805_2012Metric_Pad1.18x1.45mm_HandSolder,100nF,smt,True
93.98,-128.016,-90.0,top,C19,,CP_EIA-7343-30_AVX-N_Pad2.25x2.55mm_HandSolder,10uF Tant. 25V,smt,True
106.68,-124.206,0.0,top,C2,,CP_EIA-7343-30_AVX-N_Pad2.25x2.55mm_HandSolder,10uF Tant. 25V,smt,True
128.778,-91.948,90.0,bottom,C20,,C_0805_2012Metric_Pad1.18x1.45mm_HandSolder,100nF,smt,True
132.588,-113.284,0.0,top,C21,,C_0805_2012Metric_Pad1.18x1.45mm_HandSolder,10uF,smt,True
146.558,-112.268,0.0,top,C22,,C_0805_2012Metric_Pad1.18x1.45mm_HandSolder,10uF,smt,True
104.8021,-85.852,180.0,top,C23,,C_0805_2012Metric_Pad1.18x1.45mm_HandSolder,10uF,smt,True
100.8556,-91.9198,180.0,top,C24,,C_0805_2012Metric_Pad1.18x1.45mm_HandSolder,10uF,smt,True
142.494,-114.3,90.0,top,C25,,C_0805_2012Metric_Pad1.18x1.45mm_HandSolder,1nF,smt,True
154.432,-115.57,90.0,top,C26,,C_0805_2012Metric_Pad1.18x1.45mm_HandSolder,1nF,smt,True
104.7958,-89.7106,0.0,top,C27,,C_0805_2012Metric_Pad1.18x1.45mm_HandSolder,220pF,smt,True
157.988,-112.522,0.0,top,C28,,C_0805_2012Metric_Pad1.18x1.45mm_HandSolder,10uF,smt,True
157.988,-114.808,0.0,top,C29,,C_0805_2012Metric_Pad1.18x1.45mm_HandSolder,10uF,smt,True
72.39,-125.984,-90.0,top,C3,,C_0805_2012Metric_Pad1.18x1.45mm_HandSolder,100nF,smt,True
128.778,-109.22,180.0,top,C30,,C_0805_2012Metric_Pad1.18x1.45mm_HandSolder,4.7uF low ESR,smt,True
133.35,-77.216,180.0,top,C31,,C_0805_2012Metric_Pad1.18x1.45mm_HandSolder,4.7uF low ESR,smt,True
71.882,-80.264,0.0,top,C32,,C_0603_1608Metric,PGB1010603,smt,True
71.882,-84.328,180.0,top,C33,,C_0603_1608Metric,PGB1010603,smt,True
71.882,-88.392,180.0,top,C34,,C_0603_1608Metric,PGB1010603,smt,True
113.538,-77.724,180.0,top,C35,,C_0805_2012Metric_Pad1.18x1.45mm_HandSolder,4.7uF low ESR,smt,True
111.252,-74.422,0.0,top,C36,,C_0805_2012Metric_Pad1.18x1.45mm_HandSolder,10uF,smt,True
111.252,-72.39,0.0,top,C37,,C_0805_2012Metric_Pad1.18x1.45mm_HandSolder,100nF,smt,True
138.176,-79.248,0.0,top,C38,,C_0805_2012Metric_Pad1.18x1.45mm_HandSolder,100nF,smt,True
101.5123,-130.6723,-90.0,top,C4,,C_0805_2012Metric_Pad1.18x1.45mm_HandSolder,optional: 82pF,smt,True
80.264,-130.302,180.0,top,C5,,C_0805_2012Metric_Pad1.18x1.45mm_HandSolder,100nF,smt,True
88.9,-123.19,90.0,top,C6,,CP_EIA-7343-30_AVX-N_Pad2.25x2.55mm_HandSolder,47uF Tant. 25V,smt,True
114.554,-123.19,90.0,top,C7,,CP_EIA-7343-30_AVX-N_Pad2.25x2.55mm_HandSolder,"1uF, Tant. 25V",smt,True
72.39,-99.568,-90.0,top,C8,,C_0603_1608Metric,PGB1010603,smt,True
74.422,-99.568,90.0,top,C9,,C_0805_2012Metric_Pad1.18x1.45mm_HandSolder,100nF,smt,True
112.1111,-130.364,-90.0,top,D1,,D_SOD-123F,PMEG2010AEH,smt,True
104.8021,-87.884,0.0,top,FB1,,L_0603_1608Metric_Pad1.05x0.95mm_HandSolder,FBMJ1608,smt,True
105.2846,-102.2389,0.0,top,FB2,,L_0603_1608Metric_Pad1.05x0.95mm_HandSolder,FCM1608,smt,True
65.532,-71.882,0.0,top,H1,,MountingHole_3.2mm_M3_Pad_TopBottom,MountingHole_Pad,tht,False
181.864,-72.136,0.0,top,H2,,MountingHole_3.2mm_M3_Pad_TopBottom,MountingHole_Pad,tht,False
65.532,-128.27,0.0,top,H3,,MountingHole_3.2mm_M3_Pad_TopBottom,MountingHole_Pad,tht,False
181.864,-129.032,0.0,top,H4,,MountingHole_3.2mm_M3_Pad_TopBottom,MountingHole_Pad,tht,False
89.088,-130.427,-90.0,top,IC1,,SOT95P275X120-5N,NCP700BSN33T1G,smt,True
182.643,-108.0927,90.0,bottom,JADC,,JST_XH_B2B-XH-A_1x02_P2.50mm_Vertical,Conn_01x02_Socket,tht,True
182.643,-98.0753,90.0,bottom,JDAC,,JST_XH_B3B-XH-A_1x03_P2.50mm_Vertical,Conn_01x03_Socket,tht,True
182.643,-120.61,90.0,bottom,JGPIO1,,JST_XH_B3B-XH-A_1x03_P2.50mm_Vertical,Conn_01x03_Socket,tht,True
100.544,-64.787,180.0,bottom,JI2C,,JST_XH_B3B-XH-A_1x03_P2.50mm_Vertical,Conn_01x03_Socket,tht,True
77.724,-64.77,180.0,bottom,JI2C,,JST_XH_B3B-XH-A_1x03_P2.50mm_Vertical,Conn_01x03_Socket,tht,True
89.154,-64.77,180.0,bottom,JI2C,,JST_XH_B3B-XH-A_1x03_P2.50mm_Vertical,Conn_01x03_Socket,tht,True
138.0514,-66.167,180.0,top,JLCD,,CON50_2X25_UF_FLE_SAI,FLE-125-01-G-DV,smt,True
137.16,-120.396,90.0,top,JP1,,SolderJumper-3_P1.3mm_Open_Pad1.0x1.5mm_NumberLabels,SolderJumper_3_Open,tht,False
147.32,-120.396,90.0,top,JP2,,SolderJumper-3_P1.3mm_Open_Pad1.0x1.5mm_NumberLabels,SolderJumper_3_Open,tht,False
100.4541,-101.346,0.0,top,JP3,,SolderJumper-3_P1.3mm_Open_Pad1.0x1.5mm_NumberLabels,SolderJumper_3_Open,tht,False
124.968,-75.184,0.0,top,JP4,,SolderJumper-3_P1.3mm_Open_Pad1.0x1.5mm_NumberLabels,SolderJumper_3_Open,tht,False
64.753,-113.812,-90.0,bottom,JPOWER,,JST_XH_B2B-XH-A_1x02_P2.50mm_Vertical,Conn_01x02_Socket,tht,True
148.59,-65.024,-90.0,bottom,JRadio1,,IDC-Header_2x10_P2.54mm_Vertical,Conn_02x10_Odd_Even,tht,True
65.532,-84.074,-90.0,top,JSWD,,CON10_2X5_DUK_FTSH_SAI-M,FTSH-105-01-L-DV-K,smt,True
182.643,-85.558,90.0,bottom,JUART,,JST_XH_B3B-XH-A_1x03_P2.50mm_Vertical,Conn_01x03_Socket,tht,True
116.6959,-130.048,0.0,top,L1,,L_1812_4532Metric_Pad1.30x3.40mm_HandSolder,10uH,smt,True
104.9068,-91.9284,0.0,top,L2,,L_Murata_DFE201610P,2.2uH,smt,True
106.9674,-129.8191,0.0,top,PS1,,SOIC127P600X175-8N,TPS6735ID,smt,True
121.666,-84.836,0.0,bottom,R1,,R_0805_2012Metric_Pad1.20x1.40mm_HandSolder,10k,smt,True
152.4,-120.396,90.0,top,R10,,R_0805_2012Metric_Pad1.20x1.40mm_HandSolder,10k,smt,True
140.208,-114.284,-90.0,top,R11,,R_0805_2012Metric_Pad1.20x1.40mm_HandSolder,10k,smt,True
152.146,-115.554,-90.0,top,R12,,R_0805_2012Metric_Pad1.20x1.40mm_HandSolder,10k,smt,True
76.224,-71.899,0.0,top,R13,,R_0805_2012Metric_Pad1.20x1.40mm_HandSolder,4.7k,smt,True
87.67,-71.899,0.0,top,R14,,R_0805_2012Metric_Pad1.20x1.40mm_HandSolder,4.7k,smt,True
99.084,-71.899,0.0,top,R15,,R_0805_2012Metric_Pad1.20x1.40mm_HandSolder,4.7k,smt,True
76.24,-74.185,0.0,top,R16,,R_0805_2012Metric_Pad1.20x1.40mm_HandSolder,4.7k,smt,True
87.67,-74.185,0.0,top,R17,,R_0805_2012Metric_Pad1.20x1.40mm_HandSolder,4.7k,smt,True
99.084,-74.185,0.0,top,R18,,R_0805_2012Metric_Pad1.20x1.40mm_HandSolder,4.7k,smt,True
72.252,-78.232,0.0,top,R19,,R_0805_2012Metric_Pad1.20x1.40mm_HandSolder,22R,smt,True
95.25,-107.95,-90.0,bottom,R2,,R_0805_2012Metric_Pad1.20x1.40mm_HandSolder,10k,smt,True
72.252,-82.296,0.0,top,R20,,R_0805_2012Metric_Pad1.20x1.40mm_HandSolder,22R,smt,True
72.252,-86.36,180.0,top,R21,,R_0805_2012Metric_Pad1.20x1.40mm_HandSolder,22R,smt,True
140.954,-98.806,0.0,top,R22,,R_0805_2012Metric_Pad1.20x1.40mm_HandSolder,5k1,smt,True
106.934,-78.74,180.0,top,R23,,R_0805_2012Metric_Pad1.20x1.40mm_HandSolder,1k,smt,True
98.298,-117.094,90.0,bottom,R3,,R_0805_2012Metric_Pad1.20x1.40mm_HandSolder,10k,smt,True
104.8405,-94.1716,180.0,top,R4,,R_0805_2012Metric_Pad1.20x1.40mm_HandSolder,10k,smt,True
136.906,-113.284,0.0,top,R5,,R_0805_2012Metric_Pad1.20x1.40mm_HandSolder,10k,smt,True
150.622,-112.268,0.0,top,R6,,R_0805_2012Metric_Pad1.20x1.40mm_HandSolder,10k,smt,True
140.208,-118.364,-90.0,top,R7,,R_0805_2012Metric_Pad1.20x1.40mm_HandSolder,10k,smt,True
150.114,-120.396,-90.0,top,R8,,R_0805_2012Metric_Pad1.20x1.40mm_HandSolder,10k,smt,True
142.494,-118.364,90.0,top,R9,,R_0805_2012Metric_Pad1.20x1.40mm_HandSolder,10k,smt,True
66.23,-99.532,0.0,top,SW,,SW_SPST_Omron_B3FS-100xP,SW_Omron_B3FS,smt,True
98.806,-121.92,0.0,top,TP1,,Pin_D0.7mm_L6.5mm_W1.8mm_FlatFork,TestPoint,tht,True
123.698,-122.174,0.0,top,TP2,,Pin_D0.7mm_L6.5mm_W1.8mm_FlatFork,TestPoint,tht,True
93.98,-121.92,0.0,top,TP3,,Pin_D0.7mm_L6.5mm_W1.8mm_FlatFork,TestPoint,tht,True
101.3608,-89.5217,0.0,top,TP4,,Pin_D0.7mm_L6.5mm_W1.8mm_FlatFork,TestPoint,tht,True
77.47,-100.584,0.0,top,TP5,,Pin_D0.7mm_L6.5mm_W1.8mm_FlatFork,TestPoint,tht,True
78.232,-126.578,0.0,top,U1,,TO-220-3_Horizontal_TabDown,L7805,tht,True
147.574,-115.57,0.0,top,U2,,OPA1678_L,OPA1678IDGKT,smt,True
123.19,-93.472,0.0,top,U3,,LQFP176_STM32H735IGT6_STM-M,STM32H735IGT6,smt,True
102.33,-110.728,-90.0,bottom,UFLASH1,,BGA24C100P5X5_600X800X120,MX25LM51245GXDI00,smt,True
123.428,-92.742,180.0,bottom,UHYPERRAM1,,TFBGA24_6X8_ISI,IS66WVH16M8DBLL-100B1LI,smt,True
105.2955,-97.245,0.0,top,X1,,NSC5004_NDK,NSC5004A-25M,smt,True
