﻿designator,quantity,value,pack,mpn,mount_type
"C1, C6",2,47uF Tant. 25V,CP_EIA-7343-30_AVX-N_Pad2.25x2.55mm_HandSolder,,smt
"C10, C11, C12, C14, C16, C17, C18, C20, C3, C37, C38, C5, C9",13,100nF,C_0805_2012Metric_Pad1.18x1.45mm_HandSolder,,smt
C13,1,100uF Tant. 25V,CP_EIA-7343-30_AVX-N_Pad2.25x2.55mm_HandSolder,,smt
C15,1,1uF,C_0805_2012Metric_Pad1.18x1.45mm_HandSolder,,smt
"C19, C2",2,10uF Tant. 25V,CP_EIA-7343-30_AVX-N_Pad2.25x2.55mm_HandSolder,,smt
"C21, C22, C23, C24, C28, C29, C36",7,10uF,C_0805_2012Metric_Pad1.18x1.45mm_HandSolder,,smt
"C25, C26",2,1nF,C_0805_2012Metric_Pad1.18x1.45mm_HandSolder,,smt
C27,1,220pF,C_0805_2012Metric_Pad1.18x1.45mm_HandSolder,,smt
"C30, C31, C35",3,4.7uF low ESR,C_0805_2012Metric_Pad1.18x1.45mm_HandSolder,,smt
"C32, C33, C34, C8",4,PGB1010603,C_0603_1608Metric,,smt
C4,1,optional: 82pF,C_0805_2012Metric_Pad1.18x1.45mm_HandSolder,,smt
C7,1,"1uF, Tant. 25V",CP_EIA-7343-30_AVX-N_Pad2.25x2.55mm_HandSolder,,smt
D1,1,PMEG2010AEH,D_SOD-123F,,smt
FB1,1,FBMJ1608,L_0603_1608Metric_Pad1.05x0.95mm_HandSolder,,smt
FB2,1,FCM1608,L_0603_1608Metric_Pad1.05x0.95mm_HandSolder,,smt
"H1, H2, H3, H4",4,MountingHole_Pad,MountingHole_3.2mm_M3_Pad_TopBottom,,tht
IC1,1,NCP700BSN33T1G,SOT95P275X120-5N,,smt
"JADC, JPOWER",2,Conn_01x02_Socket,JST_XH_B2B-XH-A_1x02_P2.50mm_Vertical,,tht
"JDAC, JGPIO1, JI2C, JI2C, JI2C, JUART",6,Conn_01x03_Socket,JST_XH_B3B-XH-A_1x03_P2.50mm_Vertical,,tht
JLCD,1,FLE-125-01-G-DV,CON50_2X25_UF_FLE_SAI,,smt
"JP1, JP2, JP3, JP4",4,SolderJumper_3_Open,SolderJumper-3_P1.3mm_Open_Pad1.0x1.5mm_NumberLabels,,tht
JRadio1,1,Conn_02x10_Odd_Even,IDC-Header_2x10_P2.54mm_Vertical,,tht
JSWD,1,FTSH-105-01-L-DV-K,CON10_2X5_DUK_FTSH_SAI-M,,smt
L1,1,10uH,L_1812_4532Metric_Pad1.30x3.40mm_HandSolder,,smt
L2,1,2.2uH,L_Murata_DFE201610P,,smt
PS1,1,TPS6735ID,SOIC127P600X175-8N,,smt
"R1, R10, R11, R12, R2, R3, R4, R5, R6, R7, R8, R9",12,10k,R_0805_2012Metric_Pad1.20x1.40mm_HandSolder,,smt
"R13, R14, R15, R16, R17, R18",6,4.7k,R_0805_2012Metric_Pad1.20x1.40mm_HandSolder,,smt
"R19, R20, R21",3,22R,R_0805_2012Metric_Pad1.20x1.40mm_HandSolder,,smt
R22,1,5k1,R_0805_2012Metric_Pad1.20x1.40mm_HandSolder,,smt
R23,1,1k,R_0805_2012Metric_Pad1.20x1.40mm_HandSolder,,smt
SW,1,SW_Omron_B3FS,SW_SPST_Omron_B3FS-100xP,,smt
"TP1, TP2, TP3, TP4, TP5",5,TestPoint,Pin_D0.7mm_L6.5mm_W1.8mm_FlatFork,,tht
U1,1,L7805,TO-220-3_Horizontal_TabDown,,tht
U2,1,OPA1678IDGKT,OPA1678_L,,smt
U3,1,STM32H735IGT6,LQFP176_STM32H735IGT6_STM-M,,smt
UFLASH1,1,MX25LM51245GXDI00,BGA24C100P5X5_600X800X120,,smt
UHYPERRAM1,1,IS66WVH16M8DBLL-100B1LI,TFBGA24_6X8_ISI,,smt
X1,1,NSC5004A-25M,NSC5004_NDK,,smt
