﻿pos_x,pos_y,rotation,side,designator,mpn,pack,value,mount_type,place
114.3,-68.58,0.0,top,,,SOIC127P600X175-8N,TPS6735ID,smt,True
103.049981,-51.041801,-90.0,top,12V_Pwr_In1,,JST_EH_B2B-EH-A_1x02_P2.50mm_Vertical,12V_Pwr_In,tht,True
111.624628,-52.433784,90.0,top,C1,,CP_EIA-7343-30_AVX-N_Pad2.25x2.55mm_HandSolder,47uF Tant. 25V,smt,True
124.695279,-78.788079,180.0,top,C10,,CP_EIA-7343-30_AVX-N_Pad2.25x2.55mm_HandSolder,100uF Tant. 25V,smt,True
115.594547,-50.269459,90.0,top,C2,,C_0805_2012Metric_Pad1.18x1.45mm_HandSolder,100nF,smt,True
138.254223,-50.18498,90.0,top,C3,,C_0805_2012Metric_Pad1.18x1.45mm_HandSolder,100nF,smt,True
142.06354,-52.33062,90.0,top,C4,,CP_EIA-7343-30_AVX-N_Pad2.25x2.55mm_HandSolder,47uF Tant. 25V,smt,True
138.657962,-59.1623,0.0,top,C5,,C_0805_2012Metric_Pad1.18x1.45mm_HandSolder,1uF,smt,True
138.68806,-61.451196,180.0,top,C6,,C_0805_2012Metric_Pad1.18x1.45mm_HandSolder,100nF,smt,True
136.047171,-65.120817,180.0,top,C7,,CP_EIA-7343-30_AVX-N_Pad2.25x2.55mm_HandSolder,10uF Tant. 25V,smt,True
106.605778,-71.154552,-90.0,top,C8,,CP_EIA-7343-30_AVX-N_Pad2.25x2.55mm_HandSolder,10uF Tant. 25V,smt,True
113.977427,-63.155946,180.0,top,C9,,CP_EIA-7343-30_AVX-N_Pad2.25x2.55mm_HandSolder,"1uF, Tant. 25V",smt,True
124.058545,-69.471193,-90.0,top,D1,,D_SOD-123F,PMEG2010AEH,smt,True
103.172705,-32.879521,0.0,top,H1,,MountingHole_2.5mm_Pad_TopBottom,MountingHole_Pad,tht,True
155.797603,-32.879521,0.0,top,H2,,MountingHole_2.5mm_Pad_TopBottom,MountingHole_Pad,tht,True
103.458342,-139.217016,0.0,top,H3,,MountingHole_2.5mm_Pad_TopBottom,MountingHole_Pad,tht,True
155.608286,-139.217016,0.0,top,H4,,MountingHole_2.5mm_Pad_TopBottom,MountingHole_Pad,tht,True
143.060946,-59.944796,180.0,top,IC1,,SOT95P275X120-5N,NCP700BSN33T1G,smt,True
120.329985,-70.29277,-90.0,top,L1,,L_1812_4532Metric_Pad1.30x3.40mm_HandSolder,10uH,smt,True
125.999478,-74.1413,0.0,top,L2,,L_1812_4532Metric_Pad1.30x3.40mm_HandSolder,10uH,smt,True
155.09779,-46.427544,90.0,top,Supp_AntennaAmp1,,JST_EH_B3B-EH-A_1x03_P2.50mm_Vertical,Supp_AntennaAmp,tht,True
139.7,-137.16,0.0,top,Supp_AudioPwr1,,JST_EH_B2B-EH-A_1x02_P2.50mm_Vertical,Supp_FreqSynth,tht,True
155.09779,-63.60758,90.0,top,Supp_BandPass1,,JST_EH_B3B-EH-A_1x03_P2.50mm_Vertical,Supp_BandPass,tht,True
155.09779,-78.287616,90.0,top,Supp_FreqSynth1,,JST_EH_B2B-EH-A_1x02_P2.50mm_Vertical,Supp_FreqSynth,tht,True
155.09779,-129.827724,90.0,top,Supp_MicAmp1,,JST_EH_B3B-EH-A_1x03_P2.50mm_Vertical,Supp_MicAmp,tht,True
155.09779,-95.467652,90.0,top,Supp_Mixer1,,JST_EH_B3B-EH-A_1x03_P2.50mm_Vertical,Supp_Mixer,tht,True
155.09779,-112.647688,90.0,top,Supp_PhaseShifter1,,JST_EH_B3B-EH-A_1x03_P2.50mm_Vertical,Supp_PhaseShifter,tht,True
121.96,-137.16,0.0,top,Supp_RFPowerAmp1,,JST_EH_B2B-EH-A_1x02_P2.50mm_Vertical,Supp_FreqSynth,tht,True
124.46,-53.34,0.0,top,U1,,TO-220-3_Horizontal_TabDown,L7805,tht,True
