﻿designator,quantity,value,pack,mpn,mount_type
,1,TPS6735ID,SOIC127P600X175-8N,,smt
12V_Pwr_In1,1,12V_Pwr_In,JST_EH_B2B-EH-A_1x02_P2.50mm_Vertical,,tht
"C1, C4",2,47uF Tant. 25V,CP_EIA-7343-30_AVX-N_Pad2.25x2.55mm_HandSolder,,smt
C10,1,100uF Tant. 25V,CP_EIA-7343-30_AVX-N_Pad2.25x2.55mm_HandSolder,,smt
"C2, C3, C6",3,100nF,C_0805_2012Metric_Pad1.18x1.45mm_HandSolder,,smt
C5,1,1uF,C_0805_2012Metric_Pad1.18x1.45mm_HandSolder,,smt
"C7, C8",2,10uF Tant. 25V,CP_EIA-7343-30_AVX-N_Pad2.25x2.55mm_HandSolder,,smt
C9,1,"1uF, Tant. 25V",CP_EIA-7343-30_AVX-N_Pad2.25x2.55mm_HandSolder,,smt
D1,1,PMEG2010AEH,D_SOD-123F,,smt
"H1, H2, H3, H4",4,MountingHole_Pad,MountingHole_2.5mm_Pad_TopBottom,,tht
IC1,1,NCP700BSN33T1G,SOT95P275X120-5N,,smt
"L1, L2",2,10uH,L_1812_4532Metric_Pad1.30x3.40mm_HandSolder,,smt
Supp_AntennaAmp1,1,Supp_AntennaAmp,JST_EH_B3B-EH-A_1x03_P2.50mm_Vertical,,tht
"Supp_AudioPwr1, Supp_FreqSynth1, Supp_RFPowerAmp1",3,Supp_FreqSynth,JST_EH_B2B-EH-A_1x02_P2.50mm_Vertical,,tht
Supp_BandPass1,1,Supp_BandPass,JST_EH_B3B-EH-A_1x03_P2.50mm_Vertical,,tht
Supp_MicAmp1,1,Supp_MicAmp,JST_EH_B3B-EH-A_1x03_P2.50mm_Vertical,,tht
Supp_Mixer1,1,Supp_Mixer,JST_EH_B3B-EH-A_1x03_P2.50mm_Vertical,,tht
Supp_PhaseShifter1,1,Supp_PhaseShifter,JST_EH_B3B-EH-A_1x03_P2.50mm_Vertical,,tht
U1,1,L7805,TO-220-3_Horizontal_TabDown,,tht
